REGION,WARD
ARUSHA,Bangata
ARUSHA,Bwawani
ARUSHA,Ilboru
ARUSHA,Ilkiding'a
ARUSHA,Kimnyaki
ARUSHA,Kiranyi
ARUSHA,Kisongo
ARUSHA,Kiutu
ARUSHA,Laroi
ARUSHA,Lemanyata
ARUSHA,Mateves
ARUSHA,Mlangarini
ARUSHA,Moivo
ARUSHA,Musa
ARUSHA,Mwandet
ARUSHA,Nduruma
ARUSHA,Oldonyosambu
ARUSHA,Oldonyowass
ARUSHA,Oljoro
ARUSHA,Olkokola
ARUSHA,Olmotonyi
ARUSHA,Olorien
ARUSHA,Olturoto
ARUSHA,Olturumet
ARUSHA,Sambasha
ARUSHA,Sokon II
ARUSHA,Tarakwa
ARUSHA,Baraa
ARUSHA,Daraja Ii
ARUSHA,Elerai
ARUSHA,Engutoto
ARUSHA,Kaloleni
ARUSHA,Kati
ARUSHA,Kimandolu
ARUSHA,Lemara
ARUSHA,Levolosi
ARUSHA,Moivaro
ARUSHA,Moshono
ARUSHA,Muriet
ARUSHA,Ngarenaro
ARUSHA,Olasiti
ARUSHA,Olmoti
ARUSHA,Oloirien
ARUSHA,Osunyai Jr
ARUSHA,Sekei
ARUSHA,Sinoni
ARUSHA,Sokon I
ARUSHA,Sombetini
ARUSHA,Terrat
ARUSHA,Themi
ARUSHA,Unga Ltd
ARUSHA,Baray
ARUSHA,Buger
ARUSHA,Daa
ARUSHA,Endabash
ARUSHA,Endamaghang
ARUSHA,Endamarariek
ARUSHA,Ganako
ARUSHA,Kansay
ARUSHA,Karatu
ARUSHA,Mangiola
ARUSHA,Mbulumbulu
ARUSHA,Oldeani
ARUSHA,Qurus
ARUSHA,Rhotia
ARUSHA,Elangiatadapash
ARUSHA,Engarenaibor
ARUSHA,Engikaret
ARUSHA,Gelai Lumbwa
ARUSHA,Gelai Meirugoi
ARUSHA,Ilorienito
ARUSHA,Kamwanga
ARUSHA,Ketumbeine
ARUSHA,Kimokouwa
ARUSHA,Longido
ARUSHA,Matale A
ARUSHA,Mundarara
ARUSHA,Namanga
ARUSHA,Noondoto
ARUSHA,Olmolog
ARUSHA,Orbomba
ARUSHA,Sinya
ARUSHA,Tingatinga
ARUSHA,Akheri
ARUSHA,Ambureni
ARUSHA,Imbaseni
ARUSHA,Kikatiti
ARUSHA,Kikwe
ARUSHA,King'ori
ARUSHA,Leguruki
ARUSHA,Majengo
ARUSHA,Maji ya chai
ARUSHA,Makiba
ARUSHA,Malula
ARUSHA,Maroroni
ARUSHA,Maruvango
ARUSHA,Mbuguni
ARUSHA,Ngabobo
ARUSHA,Ngarenanyuki
ARUSHA,Nkoanekoli
ARUSHA,Nkoanrua
ARUSHA,Nkoaranga
ARUSHA,Nkoarisambu
ARUSHA,Poli
ARUSHA,Seela Sing'isi
ARUSHA,Shambarai Burka
ARUSHA,Songoro
ARUSHA,Usariver
ARUSHA,Uwiro
ARUSHA,Engaruka
ARUSHA,Esilalei
ARUSHA,Lashaine
ARUSHA,Lemooti
ARUSHA,Lepurko
ARUSHA,Lolkisale
ARUSHA,Makuyuni
ARUSHA,Meserani
ARUSHA,Mfereji
ARUSHA,Migungani
ARUSHA,Moita
ARUSHA,Monduli juu
ARUSHA,Monduli Mjini
ARUSHA,Mswakini
ARUSHA,Mto wa Mbu
ARUSHA,Naalarami
ARUSHA,Selela
ARUSHA,Sepeko
ARUSHA,Alailelai
ARUSHA,Alaitolei
ARUSHA,Arash
ARUSHA,Digodigo
ARUSHA,Enduleni
ARUSHA,Engaresero
ARUSHA,Enguserosambu
ARUSHA,Eyasi
ARUSHA,Kakesio
ARUSHA,Kirangi
ARUSHA,Maalon
ARUSHA,Malambo
ARUSHA,Misigyo
ARUSHA,Nainokanoka
ARUSHA,Naiyobi
ARUSHA,Ngoile
ARUSHA,Ngorongoro
ARUSHA,Olbalbal
ARUSHA,Oloipiri
ARUSHA,Ololosokwan
ARUSHA,Olorien/Magaiduru
ARUSHA,Orgosorok
ARUSHA,Pinyinyi
ARUSHA,Piyaya
ARUSHA,Sale
ARUSHA,Soitsambu
DAR ES SALAAM,Bonyokwa
DAR ES SALAAM,Buguruni
DAR ES SALAAM,Buyuni
DAR ES SALAAM,Chanika
DAR ES SALAAM,Gerezani
DAR ES SALAAM,Gongolamboto
DAR ES SALAAM,Ilala
DAR ES SALAAM,Jangwani
DAR ES SALAAM,Kariakoo
DAR ES SALAAM,Kimanga
DAR ES SALAAM,Kinyerezi
DAR ES SALAAM,Kipawa
DAR ES SALAAM,Kipunguni
DAR ES SALAAM,Kisukulu
DAR ES SALAAM,Kisutu
DAR ES SALAAM,Kitunda
DAR ES SALAAM,Kivukoni
DAR ES SALAAM,Kivule
DAR ES SALAAM,Kiwalani
DAR ES SALAAM,Liwiti
DAR ES SALAAM,Majohe
DAR ES SALAAM,Mchafukoge
DAR ES SALAAM,Mchikichini
DAR ES SALAAM,Msongola
DAR ES SALAAM,Mzinga
DAR ES SALAAM,Pugu
DAR ES SALAAM,Pugu Station
DAR ES SALAAM,Segerea
DAR ES SALAAM,Tabata
DAR ES SALAAM,Ukonga
DAR ES SALAAM,Upanga Magharibi
DAR ES SALAAM,Upanga Mashariki
DAR ES SALAAM,Vingunguti
DAR ES SALAAM,Zingiziwa
DAR ES SALAAM,Kibada
DAR ES SALAAM,Kigamboni
DAR ES SALAAM,Kimbiji
DAR ES SALAAM,Kisarawe II
DAR ES SALAAM,Mjimwema
DAR ES SALAAM,Pemba Mnazi
DAR ES SALAAM,Somangila
DAR ES SALAAM,Tungi
DAR ES SALAAM,Vijibweni
DAR ES SALAAM,Bunju
DAR ES SALAAM,Hananasif
DAR ES SALAAM,Kawe
DAR ES SALAAM,Kigogo
DAR ES SALAAM,Kijitonyama
DAR ES SALAAM,Kinondoni
DAR ES SALAAM,Kunduchi
DAR ES SALAAM,Mabwepande
DAR ES SALAAM,Magomeni
DAR ES SALAAM,Makongo
DAR ES SALAAM,Makumbusho
DAR ES SALAAM,Mbezi Juu
DAR ES SALAAM,Mbweni
DAR ES SALAAM,Mikocheni
DAR ES SALAAM,Msasani
DAR ES SALAAM,Mwananyamala
DAR ES SALAAM,Mzimuni
DAR ES SALAAM,Ndugumbi
DAR ES SALAAM,Tandale
DAR ES SALAAM,Wazo
DAR ES SALAAM,Azimio
DAR ES SALAAM,Buza
DAR ES SALAAM,Chamazi
DAR ES SALAAM,Chang'ombe
DAR ES SALAAM,Charambe
DAR ES SALAAM,Keko
DAR ES SALAAM,Kibondemaji
DAR ES SALAAM,Kiburugwa
DAR ES SALAAM,Kijichi
DAR ES SALAAM,Kilakala
DAR ES SALAAM,Kilungule
DAR ES SALAAM,Kurasini
DAR ES SALAAM,Makangarawe
DAR ES SALAAM,Mbagala
DAR ES SALAAM,Mbagala Kuu
DAR ES SALAAM,Mianzini
DAR ES SALAAM,Miburani
DAR ES SALAAM,Mtoni
DAR ES SALAAM,Sandali
DAR ES SALAAM,Tandika
DAR ES SALAAM,Temeke
DAR ES SALAAM,Toangoma
DAR ES SALAAM,Yombo vituka
DAR ES SALAAM,Goba
DAR ES SALAAM,Kibamba
DAR ES SALAAM,Kimara
DAR ES SALAAM,Kwembe
DAR ES SALAAM,Mabibo
DAR ES SALAAM,Makuburi
DAR ES SALAAM,Makurumla
DAR ES SALAAM,Manzese
DAR ES SALAAM,Mbezi
DAR ES SALAAM,Mburahati
DAR ES SALAAM,Msigani
DAR ES SALAAM,Saranga
DAR ES SALAAM,Sinza
DAR ES SALAAM,Ubungo
DODOMA,Babayu
DODOMA,Bahi
DODOMA,Chali
DODOMA,Chibelela
DODOMA,Chifutuka
DODOMA,Chikola
DODOMA,Chipanga
DODOMA,Ibihwa
DODOMA,Ibugule
DODOMA,Ilindi
DODOMA,Kigwe
DODOMA,Lamaiti
DODOMA,Makanda
DODOMA,Mpalanga
DODOMA,Mpamantwa
DODOMA,Mpinga
DODOMA,Msisi
DODOMA,Mtitaa
DODOMA,Mundemu
DODOMA,Mwitikira
DODOMA,Nondwa
DODOMA,Zanka
DODOMA,Buigiri
DODOMA,Chamwino
DODOMA,Chiboli
DODOMA,Chilonwa
DODOMA,Chinugulu
DODOMA,Dabalo
DODOMA,Fufu
DODOMA,Handali
DODOMA,Haneti
DODOMA,Huzi
DODOMA,Idifu
DODOMA,Igandu
DODOMA,Ikombolinga
DODOMA,Ikowa
DODOMA,Iringa mvumi
DODOMA,Itiso
DODOMA,Loje
DODOMA,Majeleko
DODOMA,Makang'wa
DODOMA,Manchali
DODOMA,Manda
DODOMA,Manzase
DODOMA,Membe
DODOMA,Mlowa Barabarani
DODOMA,Mlowa bwawani
DODOMA,Mpwayungu
DODOMA,Msamalo
DODOMA,Msanga
DODOMA,Muungano
DODOMA,Mvumi makulu
DODOMA,Mvumi misheni
DODOMA,Nghaheleze
DODOMA,Nghambaku
DODOMA,Nhinhi
DODOMA,Segala
DODOMA,Zajilwa
DODOMA,Chandama
DODOMA,Chemba
DODOMA,Churuku
DODOMA,Dalai
DODOMA,Farkwa
DODOMA,Goima
DODOMA,Gwandi
DODOMA,Jangalo
DODOMA,Kidoka
DODOMA,Kimaha
DODOMA,Kinyamsindo
DODOMA,Kwamtoro
DODOMA,Lahoda
DODOMA,Lalta
DODOMA,Makorongo
DODOMA,Mondo
DODOMA,Mpendo
DODOMA,Mrijo
DODOMA,Msaada
DODOMA,Ovada
DODOMA,Paranga
DODOMA,Sanzawa
DODOMA,Songolo
DODOMA,Soya
DODOMA,Tumbakose
DODOMA,Chahwa
DODOMA,Chang'ombe
DODOMA,Chigongwe
DODOMA,Chihanga
DODOMA,Dodoma Makulu
DODOMA,Hazina
DODOMA,Hombolo Bwawani
DODOMA,Hombolo makulu
DODOMA,Ihumwa
DODOMA,Ipagala
DODOMA,Ipala
DODOMA,Iyumbu
DODOMA,Kikombo
DODOMA,Kikuyu Kaskazini
DODOMA,Kikuyu Kusini
DODOMA,Kiwanja cha Ndege
DODOMA,Kizota
DODOMA,Makole
DODOMA,Makutupora
DODOMA,Matumbulu
DODOMA,Mbabala
DODOMA,Mbalawala
DODOMA,Miyuji
DODOMA,Mkonze
DODOMA,Mnadani
DODOMA,Mpunguzi
DODOMA,Msalato
DODOMA,Mtumba
DODOMA,Nala
DODOMA,Ngionngionha
DODOMA,Nkuhungu
DODOMA,Ntyuka
DODOMA,Nzuguni
DODOMA,Tambukareli
DODOMA,Uhuru
DODOMA,Zuzu
DODOMA,Bereko
DODOMA,Bumbuta
DODOMA,Busi
DODOMA,Changaa
DODOMA,Haubi
DODOMA,Hondomairo
DODOMA,Itaswi
DODOMA,Itololo
DODOMA,Kalamba
DODOMA,Keikei
DODOMA,Kikilo
DODOMA,Kikore
DODOMA,Kinyasi
DODOMA,Kisese
DODOMA,Kwadelo
DODOMA,Masange
DODOMA,Mnenia
DODOMA,Pahi
DODOMA,Salanka
DODOMA,Soera
DODOMA,Thawi
DODOMA,Bolisa
DODOMA,Chemchem
DODOMA,Kilimani
DODOMA,Kingale
DODOMA,Kolo
DODOMA,Kondoa Mjini
DODOMA,Serya
DODOMA,Suruke
DODOMA,Chamkoroma
DODOMA,Chitego
DODOMA,Chiwe
DODOMA,Hogoro
DODOMA,Iduo
DODOMA,Kibaigwa
DODOMA,Kongwa
DODOMA,Lenjulu
DODOMA,Makawa
DODOMA,Matongoro
DODOMA,Mkoka
DODOMA,Mlali
DODOMA,Mtanana
DODOMA,Nghumbi
DODOMA,Ngomai
DODOMA,Njoge
DODOMA,Pandambili
DODOMA,Sagara
DODOMA,Sejeli
DODOMA,Songambele
DODOMA,Ugogoni
DODOMA,Zoissa
DODOMA,Berege
DODOMA,Chipogoro
DODOMA,Chitemo
DODOMA,Chunyu
DODOMA,Galigali
DODOMA,Godegode
DODOMA,Gulwe
DODOMA,Ipera
DODOMA,Iwondo
DODOMA,Kibakwe
DODOMA,Kimagai
DODOMA,Kingiti
DODOMA,Lufu
DODOMA,Luhundwa
DODOMA,Lumuma
DODOMA,Lupeta
DODOMA,Malolo
DODOMA,Mang'aliza
DODOMA,Massa
DODOMA,Matomondo
DODOMA,Mazae
DODOMA,Mbuga
DODOMA,Mima
DODOMA,Mlembule
DODOMA,Mlunduzi
DODOMA,Mpwapwa Mjini
DODOMA,Mtera
DODOMA,Ng'hambi
DODOMA,Pwaga
DODOMA,Rudi
DODOMA,Ving'hawe
DODOMA,Wangi
DODOMA,Wotta
GEITA,Bugelenga
GEITA,Bukombe
GEITA,Bulangwa
GEITA,Bulega
GEITA,Busonzo
GEITA,Butinzya
GEITA,Igulwa
GEITA,Iyogelo
GEITA,Katente
GEITA,Katome
GEITA,Lyambamgongo
GEITA,Namonge
GEITA,Ng'anzo
GEITA,Runzewe Magharibi
GEITA,Runzewe Mashariki
GEITA,Ushirombo
GEITA,Uyovu
GEITA,Bukome
GEITA,Buseresere
GEITA,Butengo rumasa
GEITA,Buziku
GEITA,Bwanga
GEITA,Bwera
GEITA,Bwina
GEITA,Bwongera
GEITA,Chato
GEITA,Ichwankima
GEITA,Ilemela
GEITA,Ilyamchele
GEITA,Iparamasa
GEITA,kachwamba
GEITA,Kasenga
GEITA,Katende
GEITA,Kigongo
GEITA,Makurugusi
GEITA,Minkoto
GEITA,Muganza
GEITA,Muungano
GEITA,Nyamirembe
GEITA,Nyarutembo
GEITA,Bugalama
GEITA,Bugulula
GEITA,Bujula
GEITA,Bukoli
GEITA,Bukondo
GEITA,Busanda
GEITA,Butobela
GEITA,Butundwe
GEITA,Chigunga
GEITA,Isulwabutundwe
GEITA,Izumacheli
GEITA,Kagu
GEITA,Kakubilo
GEITA,Kamena
GEITA,Kamhanga
GEITA,Kaseme
GEITA,Katoma
GEITA,Katoro
GEITA,Lubanga
GEITA,Ludete
GEITA,Lwamgasa
GEITA,Lwenzera
GEITA,Magenge
GEITA,Nkome
GEITA,Nyachiluluma
GEITA,Nyakagomba
GEITA,Nyakamwaga
GEITA,Nyalwanzaja
GEITA,Nyamalimbe
GEITA,Nyamboge
GEITA,Nyamigota
GEITA,Nyamwilolelwa
GEITA,Nyarugusu
GEITA,Nyaruyeye
GEITA,Nyawilimilwa
GEITA,Nzera
GEITA,Senga
GEITA,Buhalahala
GEITA,Bulela
GEITA,Bung'wangoko
GEITA,Ihanamilo
GEITA,Kalangalala
GEITA,Kanyala
GEITA,Kasamwa
GEITA,Mgusu
GEITA,Mtakuja
GEITA,Nyanguku
GEITA,Nyankumbu
GEITA,Shiloleli
GEITA,Bukandwe
GEITA,Bunigonzi
GEITA,Ikobe
GEITA,Ikunguigazi
GEITA,Ilolangulu
GEITA,Iponya
GEITA,Isebya
GEITA,Lugunga
GEITA,Lulembela
GEITA,Masumbwe
GEITA,Mbogwe
GEITA,Nanda
GEITA,Ngemo
GEITA,Nhomolwa
GEITA,Nyakafulu
GEITA,Nyasato
GEITA,Ushirika
GEITA,Bukwimba
GEITA,Busolwa
GEITA,Izunya
GEITA,Kaboha
GEITA,Kafita
GEITA,Kakora
GEITA,Kharumwa
GEITA,Mwingiro
GEITA,Nundu
GEITA,Nyabulanda
GEITA,Nyamtukuza
GEITA,Nyang'hwale
GEITA,Nyijundu
GEITA,Nyugwa
GEITA,Shabaka
IRINGA,Idodi
IRINGA,Ifunda
IRINGA,Ilolompya
IRINGA,Itunundu
IRINGA,Izazi
IRINGA,Kalenga
IRINGA,Kihanga
IRINGA,Kihorogota
IRINGA,Kising'a
IRINGA,Kiwere
IRINGA,Luhota
IRINGA,Lumuli
IRINGA,Lyamgungwe
IRINGA,Maboga
IRINGA,Magulilwa
IRINGA,Mahuninga
IRINGA,Malengamakali
IRINGA,Masaka
IRINGA,Mboliboli
IRINGA,Mgama
IRINGA,Migoli
IRINGA,Mlenge
IRINGA,Mlowa
IRINGA,Mseke
IRINGA,Nyang'oro
IRINGA,Nzihi
IRINGA,Ulanda
IRINGA,Wasa
IRINGA,Gangilonga
IRINGA,Igumbilo
IRINGA,Ilala
IRINGA,Isakalilo
IRINGA,Kihesa
IRINGA,Kitwiru
IRINGA,Kwakilosa
IRINGA,Makorongoni
IRINGA,Mkimbizi
IRINGA,Mkwawa
IRINGA,Mlandege
IRINGA,Mshindo
IRINGA,Mtwivila
IRINGA,Mwangata
IRINGA,Nduli
IRINGA,Ruaha
IRINGA,Bomalang'ombe
IRINGA,Dabaga
IRINGA,Ibumu
IRINGA,Idete
IRINGA,Ihimbo
IRINGA,Ilula
IRINGA,Image
IRINGA,Irole
IRINGA,Kimala
IRINGA,Lugalo
IRINGA,Mahenge
IRINGA,Masisiwe
IRINGA,Mlafu
IRINGA,Mtitu
IRINGA,Ng'ang'ange
IRINGA,Ng'uruhe
IRINGA,Nyalumbu
IRINGA,Nyanzwa
IRINGA,Ruaha Mbuyuni
IRINGA,Udekwa
IRINGA,Uhambingeto
IRINGA,Ukumbi
IRINGA,Ukwega
IRINGA,Boma
IRINGA,Bumilayinga
IRINGA,Changarawe
IRINGA,Isalavanu
IRINGA,Kinyanambo
IRINGA,Rungemba
IRINGA,Sao Hill
IRINGA,Upendo
IRINGA,Wambi
IRINGA,Idunda
IRINGA,Ifwagi
IRINGA,Igombavanu
IRINGA,Igowole
IRINGA,Ihalimba
IRINGA,Ihanu
IRINGA,Ihowanza
IRINGA,Ikongosi
IRINGA,Ikweha
IRINGA,Itandula
IRINGA,Kasanga
IRINGA,Kibengu
IRINGA,Kiyowela
IRINGA,Luhunga
IRINGA,Maduma
IRINGA,Makungu
IRINGA,Malangali
IRINGA,Mapanda
IRINGA,Mbalamaziwa
IRINGA,Mdabulo
IRINGA,Mninga
IRINGA,Mpanga Tazara
IRINGA,Mtambula
IRINGA,Mtwango
IRINGA,Nyololo
IRINGA,Sadani
KAGERA,Biharamulo Mjini
KAGERA,Bisibo
KAGERA,Kabindi
KAGERA,Kalenge
KAGERA,Kaniha
KAGERA,Katahoka
KAGERA,Lusahunga
KAGERA,Nemba
KAGERA,Nyabusozi
KAGERA,Nyakahura
KAGERA,Nyamahanga
KAGERA,Nyamigogo
KAGERA,Nyantakara
KAGERA,Nyanza
KAGERA,Nyarubungo
KAGERA,Runazi
KAGERA,Ruziba
KAGERA,Behendangabo
KAGERA,Bujugo
KAGERA,Butelankuzi
KAGERA,Ibwera
KAGERA,Izimbya
KAGERA,Kaagya
KAGERA,Kaibanja
KAGERA,Kanyangereko
KAGERA,Karabagaine
KAGERA,Kasharu
KAGERA,Katerero
KAGERA,Katoma
KAGERA,Katoro
KAGERA,Kemondo
KAGERA,Kibirizi
KAGERA,Kikomelo
KAGERA,Kishanje
KAGERA,Kishogo
KAGERA,Kyaitoke
KAGERA,Kyamulaile
KAGERA,Maruku
KAGERA,Mikoni
KAGERA,Mugajwale
KAGERA,Nyakato
KAGERA,Nyakibimbili
KAGERA,Rubafu
KAGERA,Rubale
KAGERA,Ruhunga
KAGERA,Rukoma
KAGERA,Bakoba
KAGERA,Bilele
KAGERA,Buhembe
KAGERA,Hamugembe
KAGERA,Ijuganyondo
KAGERA,Kagondo
KAGERA,Kahororo
KAGERA,Kashai
KAGERA,Kibeta
KAGERA,Kitendaguro
KAGERA,Miembeni
KAGERA,Nshambya
KAGERA,Nyanga
KAGERA,Rwamishenye
KAGERA,Bugene
KAGERA,Bweranyange
KAGERA,Chanika
KAGERA,Chonyonyo
KAGERA,Igurwa
KAGERA,Ihanda
KAGERA,Ihembe
KAGERA,Kamagambo
KAGERA,Kanoni
KAGERA,Kayanga
KAGERA,Kibondo
KAGERA,Kihanga
KAGERA,Kiruruma
KAGERA,Kituntu
KAGERA,Ndama
KAGERA,Nyabiyonza
KAGERA,Nyaishozi
KAGERA,Nyakabanga
KAGERA,Nyakahanga
KAGERA,Nyakakika
KAGERA,Nyakasimbi
KAGERA,Rugera
KAGERA,Rugu
KAGERA,Bugara
KAGERA,Bugomora
KAGERA,Businde
KAGERA,Isingiro
KAGERA,Iteera
KAGERA,Kaisho
KAGERA,Kakanja
KAGERA,Kamuli
KAGERA,Kibare
KAGERA,Kibingo
KAGERA,Kikukuru
KAGERA,Kimuli
KAGERA,Kitwe
KAGERA,Kitwechenchura
KAGERA,Kyerwa
KAGERA,Mabira
KAGERA,Murongo
KAGERA,Nkwenda
KAGERA,Nyakatuntu
KAGERA,Nyaruzumbura
KAGERA,Rukuraijo
KAGERA,Rutunguru
KAGERA,Rwabwere
KAGERA,Songambele
KAGERA,Bugandika
KAGERA,Bugorora
KAGERA,Buyango
KAGERA,Bwanjai
KAGERA,Gera
KAGERA,Ishozi
KAGERA,Ishunju
KAGERA,Kakunyu
KAGERA,Kanyigo
KAGERA,Kashenye
KAGERA,Kassambya
KAGERA,Kilimilile
KAGERA,Kitobo
KAGERA,Kyaka
KAGERA,Mabale
KAGERA,Minziro
KAGERA,Mushasha
KAGERA,Mutukula
KAGERA,Nsunga
KAGERA,Ruzinga
KAGERA,Biirabo
KAGERA,Bisheke
KAGERA,Buganguzi
KAGERA,Buhangaza
KAGERA,Bulyakashaju
KAGERA,Bumbire
KAGERA,Bureza
KAGERA,Burungura
KAGERA,Goziba
KAGERA,Gwanseli
KAGERA,Ibuga
KAGERA,Ijumbi
KAGERA,Ikondo
KAGERA,Ikuza
KAGERA,Izigo
KAGERA,Kabirizi
KAGERA,Kagoma
KAGERA,Kamachumu
KAGERA,Karambi
KAGERA,Kasharunga
KAGERA,Kashasha
KAGERA,Katoke
KAGERA,Kibanga
KAGERA,Kikuku
KAGERA,Kimwani
KAGERA,Kishanda
KAGERA,Kyebitembe
KAGERA,Mafumbo
KAGERA,Magata/Karutanga
KAGERA,Mayondwe
KAGERA,Mazinga
KAGERA,Mubunda
KAGERA,Muhutwe
KAGERA,Muleba
KAGERA,Mushabago
KAGERA,Ngenge
KAGERA,Nshamba
KAGERA,Nyakabango
KAGERA,Nyakatanga
KAGERA,Ruhanga
KAGERA,Rulanda
KAGERA,Rutoro
KAGERA,Bugarama
KAGERA,Bukiriro
KAGERA,Kabanga
KAGERA,Kanazi
KAGERA,Kasulo
KAGERA,Keza
KAGERA,Kibimba
KAGERA,Kibogora
KAGERA,Kirushya
KAGERA,Mabawe
KAGERA,Mbuba
KAGERA,Muganza
KAGERA,Mugoma
KAGERA,Murukurazo
KAGERA,Murusagamba
KAGERA,Ngara Mjini
KAGERA,Ntobeye
KAGERA,Nyakisasa
KAGERA,Nyamagoma
KAGERA,Nyamiaga
KAGERA,Rulenge
KAGERA,Rusumo
KATAVI,Ilela
KATAVI,Ilunde
KATAVI,Inyonga
KATAVI,Kamsisi
KATAVI,Nsenkwa
KATAVI,Utende
KATAVI,Bulamata
KATAVI,Ikola
KATAVI,Ilangu
KATAVI,Ipwaga
KATAVI,Isengule
KATAVI,Kabungu
KATAVI,Kapalamsenga
KATAVI,Karema
KATAVI,Kasekese
KATAVI,Katuma
KATAVI,Mishamo
KATAVI,Mnyagala
KATAVI,Mpandandogo
KATAVI,Mwese
KATAVI,Sibwesa
KATAVI,Tongwe
KATAVI,Ilembo
KATAVI,Kakese
KATAVI,Kashaulili
KATAVI,Kasokola
KATAVI,Kawajense
KATAVI,Kazima
KATAVI,Magamba
KATAVI,Majengo
KATAVI,Makanyagio
KATAVI,Misunkumilo
KATAVI,Mpanda Hotel
KATAVI,Mwamkulu
KATAVI,Nsemulwa
KATAVI,Shanwe
KATAVI,Uwanja wa ndege
KATAVI,Chamalendi
KATAVI,Ikuba
KATAVI,Kasansa
KATAVI,Kibaoni
KATAVI,Majimoto
KATAVI,Mamba
KATAVI,Mbede
KATAVI,Mwamapuli
KATAVI,Usevya
KATAVI,IBINDI
KATAVI,ITENKA
KATAVI,KANOGE
KATAVI,KAPALALA
KATAVI,KATUMBA
KATAVI,LITAPUNGA
KATAVI,MACHIMBONI
KATAVI,MTAPENDA
KATAVI,NSIMBO
KATAVI,SITALIKE
KATAVI,UGALLA
KATAVI,URWILA
KIGOMA,Biharu
KIGOMA,Buhigwe
KIGOMA,Bukuba
KIGOMA,Janda
KIGOMA,Kajana
KIGOMA,Kibande
KIGOMA,Kibwigwa
KIGOMA,Kilelema
KIGOMA,Kinazi
KIGOMA,Mkatanga
KIGOMA,Mubanga
KIGOMA,Mugera
KIGOMA,Muhinda
KIGOMA,Munanila
KIGOMA,Munyegera
KIGOMA,Munzeze
KIGOMA,Muyama
KIGOMA,Mwayaya
KIGOMA,Nyamugali
KIGOMA,Rusaba
KIGOMA,Gwanumpu
KIGOMA,Gwarama
KIGOMA,Kakonko
KIGOMA,Kanyonza
KIGOMA,Kasanda
KIGOMA,Kasuga
KIGOMA,Katanga
KIGOMA,Kiziguzigu
KIGOMA,Mugunzu
KIGOMA,Muhange
KIGOMA,Nyabibuye
KIGOMA,Nyamtukuza
KIGOMA,Rugenge
KIGOMA,Asante Nyerere
KIGOMA,Bugaga
KIGOMA,Buhoro
KIGOMA,Heru Ushingo
KIGOMA,Kager Nkanda
KIGOMA,Kalela
KIGOMA,Kigembe
KIGOMA,Kitagata
KIGOMA,Kitanga
KIGOMA,Kurugongo
KIGOMA,Kwaga
KIGOMA,Makere
KIGOMA,Muzye
KIGOMA,Nyachenda
KIGOMA,Nyakitonto
KIGOMA,Nyamidaho
KIGOMA,Nyamnyusi
KIGOMA,Rungwe Mpya
KIGOMA,Rusesa
KIGOMA,Shunguliba
KIGOMA,Titye
KIGOMA,Heru Juu
KIGOMA,Kigondo
KIGOMA,Kimobwa
KIGOMA,Kumnyika
KIGOMA,Kumsenga
KIGOMA,Msambara
KIGOMA,Muganza
KIGOMA,Muhunga
KIGOMA,Murubona
KIGOMA,Murufiti
KIGOMA,Murusi
KIGOMA,Mwilavya
KIGOMA,Nyansha
KIGOMA,Nyumbigwa
KIGOMA,Ruhita
KIGOMA,BITARE
KIGOMA,Biturana
KIGOMA,Bunyambo
KIGOMA,Busagara
KIGOMA,Busunzu
KIGOMA,Itaba
KIGOMA,Kagezi
KIGOMA,Kibondo Mjini
KIGOMA,Kitahana
KIGOMA,Kizazi
KIGOMA,Kumwambu
KIGOMA,Mabamba
KIGOMA,Misezero
KIGOMA,Mukabuye
KIGOMA,Murungu
KIGOMA,Nyaruyoba
KIGOMA,Rugongwe
KIGOMA,Rusohoko
KIGOMA,Bitale
KIGOMA,Kagongo
KIGOMA,Kagunga
KIGOMA,Kalinzi
KIGOMA,Kidahwe
KIGOMA,Mahembe
KIGOMA,Matendo
KIGOMA,Mkigo
KIGOMA,Mkongoro
KIGOMA,Mungonya
KIGOMA,Mwamgongo
KIGOMA,Mwandiga
KIGOMA,Nkungwe
KIGOMA,Nyarubanda
KIGOMA,Simbo
KIGOMA,Ziwani
KIGOMA,Bangwe
KIGOMA,Buhanda
KIGOMA,Businde
KIGOMA,Buzebazeba
KIGOMA,Gungu
KIGOMA,Kagera
KIGOMA,Kasimbu
KIGOMA,Katubuka
KIGOMA,Kibirizi
KIGOMA,Kigoma
KIGOMA,Kipampa
KIGOMA,Kitongoni
KIGOMA,Machinjioni
KIGOMA,Majengo
KIGOMA,Mwanga Kaskazini
KIGOMA,Mwanga Kusini
KIGOMA,Rubuga
KIGOMA,Rusimbi
KIGOMA,Basanza
KIGOMA,Buhingu
KIGOMA,Herembe
KIGOMA,Igalula
KIGOMA,Ilagala
KIGOMA,Itebula
KIGOMA,Kalya
KIGOMA,Kandaga
KIGOMA,Kazuramimba
KIGOMA,Mganza
KIGOMA,Mtegowanoti
KIGOMA,Mwakizega
KIGOMA,Nguruka
KIGOMA,Sigunga
KIGOMA,Sunuka
KIGOMA,Uvinza
KILIMANJARO,Bomang'ombe
KILIMANJARO,Bondeni
KILIMANJARO,KIA
KILIMANJARO,Machame Kaskazini
KILIMANJARO,Machame Magharibi
KILIMANJARO,Machame Mashariki
KILIMANJARO,Machame Narumu
KILIMANJARO,Machame Uroki
KILIMANJARO,Masama Kati
KILIMANJARO,Masama Kusini
KILIMANJARO,Masama Magharibi
KILIMANJARO,Masama Mashariki 'A'
KILIMANJARO,Masama Rundugai
KILIMANJARO,Mnadani
KILIMANJARO,Muungano
KILIMANJARO,Romu
KILIMANJARO,Weruweru
KILIMANJARO,Arusha Chini
KILIMANJARO,Kahe Magharibi
KILIMANJARO,Kahe Mashariki
KILIMANJARO,Kibosho Kati
KILIMANJARO,Kibosho Kirima
KILIMANJARO,Kibosho Magharibi
KILIMANJARO,Kibosho Mashariki
KILIMANJARO,Kibosho Okaoni
KILIMANJARO,Kilema Kaskazini
KILIMANJARO,Kilema Kati
KILIMANJARO,Kilema Kusini
KILIMANJARO,Kimochi
KILIMANJARO,Kindi
KILIMANJARO,Kirua Vunjo Kusini
KILIMANJARO,Kirua Vunjo Magharibi
KILIMANJARO,Kirua Vunjo Mashariki
KILIMANJARO,Mabogini
KILIMANJARO,Makuyuni
KILIMANJARO,Mamba Kaskazini
KILIMANJARO,Mamba Kusini
KILIMANJARO,Marangu Magharibi
KILIMANJARO,Marangu Mashariki
KILIMANJARO,Mbokomu
KILIMANJARO,Mwika Kaskazini
KILIMANJARO,Mwika Kusini
KILIMANJARO,Njia Panda
KILIMANJARO,Old Moshi Magharibi
KILIMANJARO,Old Moshi Mashariki
KILIMANJARO,Uru Kaskazini
KILIMANJARO,Uru Kusini
KILIMANJARO,Uru Mashariki
KILIMANJARO,Uru Shimbwe
KILIMANJARO,Bomambuzi
KILIMANJARO,Kaloleni
KILIMANJARO,Karanga
KILIMANJARO,Kiborloni
KILIMANJARO,Kilimanjaro
KILIMANJARO,Kiusa
KILIMANJARO,Korongoni
KILIMANJARO,Longuo
KILIMANJARO,Majengo
KILIMANJARO,Mawenzi
KILIMANJARO,Mfumuni
KILIMANJARO,Miembeni
KILIMANJARO,Mji Mpya
KILIMANJARO,Msaranga
KILIMANJARO,Ngiambo
KILIMANJARO,Njoro
KILIMANJARO,Pasua
KILIMANJARO,Rau
KILIMANJARO,Shirimatunda
KILIMANJARO,Soweto
KILIMANJARO,Chomvu
KILIMANJARO,Jipe
KILIMANJARO,Kifula
KILIMANJARO,Kighare
KILIMANJARO,Kigonigoni
KILIMANJARO,Kileo
KILIMANJARO,Kilomeni
KILIMANJARO,Kirongwe
KILIMANJARO,Kirya
KILIMANJARO,Kivisini
KILIMANJARO,Kwakoa
KILIMANJARO,Langiata
KILIMANJARO,Lembeni
KILIMANJARO,Mgagao
KILIMANJARO,Msangeni
KILIMANJARO,Mwanga
KILIMANJARO,Mwaniko
KILIMANJARO,Ngujini
KILIMANJARO,Shighatini
KILIMANJARO,Toloha
KILIMANJARO,Aleni
KILIMANJARO,Chala
KILIMANJARO,Holili
KILIMANJARO,Katangara/Mrere
KILIMANJARO,Kelamfua/Mokala
KILIMANJARO,Kingachi
KILIMANJARO,Kirongo Samanga
KILIMANJARO,Kirwa Keni
KILIMANJARO,Kisale Msaranga
KILIMANJARO,Kitirima
KILIMANJARO,Mahida
KILIMANJARO,Makiidi
KILIMANJARO,Mamsera
KILIMANJARO,Manda
KILIMANJARO,Marangu Kitowo
KILIMANJARO,Mengeni
KILIMANJARO,Mengwe
KILIMANJARO,Motamburu Kitendeni
KILIMANJARO,Mrao Keryo
KILIMANJARO,Nanjara
KILIMANJARO,Ngoyoni
KILIMANJARO,Olele
KILIMANJARO,Reha
KILIMANJARO,Shimbi
KILIMANJARO,Shimbi Kwandele
KILIMANJARO,Tarakea Motamburu
KILIMANJARO,Ubetu/Kahe
KILIMANJARO,Ushiri/Ikuini
KILIMANJARO,Bangalala
KILIMANJARO,Bendera
KILIMANJARO,Bombo
KILIMANJARO,Bwambo
KILIMANJARO,Chome
KILIMANJARO,Gavao - saweni
KILIMANJARO,Hedaru
KILIMANJARO,Kalemawe
KILIMANJARO,Kihurio
KILIMANJARO,Kirangare
KILIMANJARO,Kisima
KILIMANJARO,Kisiwani
KILIMANJARO,Lugulu
KILIMANJARO,Mabilioni
KILIMANJARO,Makanya
KILIMANJARO,Maore
KILIMANJARO,Mhezi
KILIMANJARO,Mpinji
KILIMANJARO,Mshewa
KILIMANJARO,Msindo
KILIMANJARO,Mtii
KILIMANJARO,Mwembe
KILIMANJARO,Myamba
KILIMANJARO,Ndungu
KILIMANJARO,Ruvu
KILIMANJARO,Same
KILIMANJARO,Stesheni
KILIMANJARO,Suji
KILIMANJARO,Tae
KILIMANJARO,Vudee
KILIMANJARO,Vuje
KILIMANJARO,Vumari
KILIMANJARO,Vunta
KILIMANJARO,Biriri
KILIMANJARO,Donyomurwak
KILIMANJARO,Gararagua
KILIMANJARO,Ivaeny
KILIMANJARO,Karansi
KILIMANJARO,Kashashi
KILIMANJARO,Kirua
KILIMANJARO,Livishi
KILIMANJARO,Makiwaru
KILIMANJARO,Miti Mirefu
KILIMANJARO,Nasai
KILIMANJARO,Ndumeti
KILIMANJARO,Ngarenairobi
KILIMANJARO,Olkolili
KILIMANJARO,Ormelili
KILIMANJARO,Sanya Juu
KILIMANJARO,Songu
LINDI,Chumo
LINDI,Kandawale
LINDI,Kibata
LINDI,Kikole
LINDI,Kinjumbi
LINDI,Kipatimu
LINDI,Kiranjeranje
LINDI,Kivinje
LINDI,Lihimalyao
LINDI,Likawage
LINDI,Mandawa
LINDI,Masoko
LINDI,Miguruwe
LINDI,Mingumbi
LINDI,Miteja
LINDI,Mitole
LINDI,Namayuni
LINDI,Nanjirinji
LINDI,Njinjo
LINDI,Pande
LINDI,Somanga
LINDI,Songosongo
LINDI,Tingi
LINDI,Chiponda
LINDI,Kilangala
LINDI,Kilolambwani
LINDI,Kitomanga
LINDI,Kiwalala
LINDI,Kiwawa
LINDI,Longa
LINDI,Majengo
LINDI,Mandwanga
LINDI,Matimba
LINDI,Mchinga
LINDI,Milola
LINDI,Mipingo
LINDI,Mnara
LINDI,Mnolela
LINDI,Mtama
LINDI,Mtua
LINDI,Mtumbya
LINDI,Mvuleni
LINDI,Nachunyu
LINDI,Nahukahuka
LINDI,Namangale
LINDI,Namupa
LINDI,Nangaru
LINDI,Navanga
LINDI,Nyangamara
LINDI,Nyangao
LINDI,Nyengedi
LINDI,Pangatena
LINDI,Rutamba
LINDI,Sudi
LINDI,Chikonji
LINDI,Jamhuri
LINDI,Kitumbikwela
LINDI,Matopeni
LINDI,Mbanja
LINDI,Mikumbi
LINDI,Mingoyo
LINDI,Mnazimmoja
LINDI,Msinjahili
LINDI,Mtanda
LINDI,Nachingwea
LINDI,Ng'apa
LINDI,Rahaleo
LINDI,Rasbura
LINDI,Tandangongoro
LINDI,Wailes
LINDI,Barikiwa
LINDI,Kiangara
LINDI,Kibutuka
LINDI,Kichonda
LINDI,Kimambi
LINDI,Likongowele
LINDI,Lilombe
LINDI,Liwale 'B'
LINDI,Liwale Mjini
LINDI,Makata
LINDI,Mangirikiti
LINDI,Mbaya
LINDI,Mihumo
LINDI,Mirui
LINDI,Mkutano
LINDI,Mlembwe
LINDI,Mpigamiti
LINDI,Nangando
LINDI,Nangano
LINDI,Ngongowele
LINDI,Chiola
LINDI,Kiegei
LINDI,Kilimanihewa
LINDI,Kilimarondo
LINDI,Kipara Mnero
LINDI,Kipara Mtua
LINDI,Lionja
LINDI,Marambo
LINDI,Matekwe
LINDI,Mbondo
LINDI,Mchonda
LINDI,Mitumbati
LINDI,Mkoka
LINDI,Mkotokuyana
LINDI,Mnero Miembeni
LINDI,Mnero Ngongo
LINDI,Mpiruka
LINDI,Nachingwea Mjini
LINDI,Naipanga
LINDI,Naipingo
LINDI,Namapwia
LINDI,Namatula
LINDI,Nambambo
LINDI,Namikango
LINDI,Nang'ondo
LINDI,Nangowe
LINDI,Nditi
LINDI,Ndomoni
LINDI,Ngunichile
LINDI,Ruponda
LINDI,Stesheni
LINDI,Ugawaji
LINDI,Chibula
LINDI,Chienjele
LINDI,Chinongwe
LINDI,Chunyu
LINDI,Likunja
LINDI,Luchelegwa
LINDI,Makanjiro
LINDI,Malolo
LINDI,Mandarawe
LINDI,Matambarale
LINDI,Mbekenyera
LINDI,Mbwemkuru (Machang'anja)
LINDI,Mnacho
LINDI,Nambilanje
LINDI,Namichiga
LINDI,Nandagala
LINDI,Nanganga
LINDI,Narungombe
LINDI,Nkowe
LINDI,Ruangwa
MANYARA,Arri
MANYARA,Ayalagaya
MANYARA,Ayasanda
MANYARA,Bashnet
MANYARA,Boay
MANYARA,Dabil
MANYARA,Dareda
MANYARA,Duru
MANYARA,Endakiso
MANYARA,Gallapo
MANYARA,Gidas
MANYARA,Kiru
MANYARA,Kisangaji
MANYARA,Madunga
MANYARA,Magara
MANYARA,Magugu
MANYARA,Mamire
MANYARA,Mwada
MANYARA,Nar
MANYARA,Nkaiti
MANYARA,Qameyu
MANYARA,Qash
MANYARA,Riroda
MANYARA,Secheda
MANYARA,Ufana
MANYARA,Babati
MANYARA,Bagara
MANYARA,Bonga
MANYARA,Maisaka
MANYARA,Mutuka
MANYARA,Nangara
MANYARA,Sigino
MANYARA,Singe
MANYARA,Balangdalalu
MANYARA,Bassodesh
MANYARA,Bassotu
MANYARA,Darwar
MANYARA,Dirma
MANYARA,Dumbeta
MANYARA,Endagaw
MANYARA,Endasak
MANYARA,Endasiwold
MANYARA,Ganana
MANYARA,Garawja
MANYARA,Gehandu
MANYARA,Gendabi
MANYARA,Getanuwas
MANYARA,Gidahababieg
MANYARA,Gisambalang
MANYARA,Gitting
MANYARA,Hidet
MANYARA,Hirbadaw
MANYARA,Ishponga
MANYARA,Jorodom
MANYARA,Katesh
MANYARA,Laghanga
MANYARA,Lalaji
MANYARA,Masakta
MANYARA,Masqaroda
MANYARA,Measkron
MANYARA,Mogitu
MANYARA,Mulbadaw
MANYARA,Nangwa
MANYARA,Simbay
MANYARA,Sirop
MANYARA,Wareta
MANYARA,Bwagamoyo
MANYARA,Chapakazi
MANYARA,Dongo
MANYARA,Dosidosi
MANYARA,Engusero
MANYARA,Kaloleni
MANYARA,Kibaya
MANYARA,Kijungu
MANYARA,Lengatei
MANYARA,Loolera
MANYARA,Magungu
MANYARA,Makame
MANYARA,Matui
MANYARA,Namelock
MANYARA,Ndedo
MANYARA,Ndirigish
MANYARA,Njoro
MANYARA,Olboloti
MANYARA,Partimbo
MANYARA,Songambele
MANYARA,Sunya
MANYARA,Bashay
MANYARA,Dinamu
MANYARA,Dongobesh
MANYARA,Endahagichan
MANYARA,Endamilay
MANYARA,Eshkesh
MANYARA,Geterer
MANYARA,Gidhimu
MANYARA,Haydarer
MANYARA,Haydom
MANYARA,Labay
MANYARA,Maghang
MANYARA,Maretadu
MANYARA,Masieda
MANYARA,Tumati
MANYARA,Yaeda Ampa
MANYARA,Yaeda Chini
MANYARA,Ayamaami
MANYARA,Ayamohe
MANYARA,Bargish
MANYARA,Daudi
MANYARA,Endagikot
MANYARA,Gunyoda
MANYARA,Imboru
MANYARA,Kainam
MANYARA,Marang
MANYARA,Muray
MANYARA,Nahasey
MANYARA,Nambis
MANYARA,Sanu Baray
MANYARA,Silaloda
MANYARA,Tlawi
MANYARA,Uhuru
MANYARA,Emboreet
MANYARA,Endiamutu
MANYARA,Endonyongijape
MANYARA,Kitwai
MANYARA,Komolo
MANYARA,Langai
MANYARA,Loiborsiret
MANYARA,Loiborsoit
MANYARA,Mirerani
MANYARA,Msitu wa Tembo
MANYARA,Naberera
MANYARA,Naisinyai
MANYARA,Ngorika
MANYARA,Oljoro No.5
MANYARA,Orkesumet
MANYARA,Ruvu Remit
MANYARA,Shambarai
MANYARA,Terrat
MARA,Butimba
MARA,Chitengule
MARA,Hunyari
MARA,Igundu
MARA,Iramba
MARA,Kasuguti
MARA,Ketare
MARA,Kibara
MARA,Kisorya
MARA,Mihingo
MARA,Mugeta
MARA,Namhula
MARA,Nampindi
MARA,Nansimo
MARA,Neruma
MARA,Nyamang'uta
MARA,Nyamuswa
MARA,Salama
MARA,Balili
MARA,Bunda Stoo
MARA,Guta
MARA,Kabarimu
MARA,Kabasa
MARA,Kunzugu
MARA,Manyamanyama
MARA,Mcharo
MARA,Nyamakokoto
MARA,Nyasura
MARA,Sazira
MARA,Wariku
MARA,Bisumwa
MARA,Buhemba
MARA,Bukabwa
MARA,Buruma
MARA,Busegwe
MARA,Buswahili
MARA,Butiama
MARA,Butuguri
MARA,Bwiregi
MARA,Kamugegi
MARA,Kukirango
MARA,Kyanyari
MARA,Masaba
MARA,Mirwa
MARA,Muriaza
MARA,Nyamimange
MARA,Nyankanga
MARA,Sirorisimba
MARA,Bugoji
MARA,Bugwema
MARA,Bukima
MARA,Bukumi
MARA,Bulinga
MARA,Busambara
MARA,Bwasi
MARA,Etaro
MARA,Ifulifu
MARA,Kiriba
MARA,Makojo
MARA,Mugango
MARA,Murangi
MARA,Musanja
MARA,Nyakatende
MARA,Nyambono
MARA,Nyamrandirira
MARA,Nyegina
MARA,Rusoli
MARA,Suguti
MARA,Tegeruka
MARA,Buhare
MARA,Bweri
MARA,Iringo
MARA,Kamunyonge
MARA,Kigera
MARA,Kitaji
MARA,Kwangwa
MARA,Makoko
MARA,Mkendo
MARA,Mshikamano
MARA,Mwigobero
MARA,Mwisenge
MARA,Nyakato
MARA,Nyamatare
MARA,Nyasho
MARA,Rwamlimi
MARA,Baraki
MARA,Bukura
MARA,Bukwe
MARA,Goribe
MARA,Ikoma
MARA,Kigunga
MARA,Kinyenche
MARA,Kirogo
MARA,Kisumwa
MARA,Kitembe
MARA,Komuge
MARA,Koryo
MARA,Kyangasaga
MARA,Kyang'ombe
MARA,Mirare
MARA,Mkoma
MARA,Nyaburongo
MARA,Nyahongo
MARA,Nyamagaro
MARA,Nyamtinga
MARA,Nyamunga
MARA,Nyathorogo
MARA,Rabour
MARA,Raranya
MARA,Roche
MARA,Tai
MARA,Busawe
MARA,Geitasamo
MARA,Issenye
MARA,Kebanchebanche
MARA,Kenyamonta
MARA,Kisaka
MARA,Kisangura
MARA,Kyambahi
MARA,Machochwe
MARA,Magange
MARA,Majimoto
MARA,Manchira
MARA,Matare
MARA,Mbalibali
MARA,Morotonga
MARA,Mosongo
MARA,Mugumu
MARA,Nagusi
MARA,Natta
MARA,Nyambureti
MARA,Nyamoko
MARA,Nyansurura
MARA,Rigicha
MARA,Ringiwani
MARA,Rungiabure
MARA,Sedeco
MARA,Stendi kuu
MARA,Uwanja wa Ndege
MARA,Binagi
MARA,Bumera
MARA,Ganyange
MARA,Gorong'a
MARA,Gwitiryo
MARA,Itiryo
MARA,Kemambo
MARA,Kibasuka
MARA,Kiore
MARA,Komaswa
MARA,Kwihancha
MARA,Manga
MARA,Matongo
MARA,Mbogi
MARA,Muriba
MARA,Mwema
MARA,Nyakonga
MARA,Nyamwaga
MARA,Nyanungu
MARA,Nyarero
MARA,Nyarukoba
MARA,Nyasincha
MARA,Pemba
MARA,Regicheri
MARA,Sirari
MARA,Susuni
MARA,Bomani
MARA,Kenyamanyori
MARA,Nkende
MARA,Nyamisangura
MARA,Nyandoto
MARA,Sabasaba
MARA,Turwa
MBEYA,Isange
MBEYA,Itete
MBEYA,Kabula
MBEYA,Kambasegela
MBEYA,Kandete
MBEYA,Kisegese
MBEYA,Lufilyo
MBEYA,Lupata
MBEYA,Luteba
MBEYA,Lwangwa
MBEYA,Mpata
MBEYA,Mpombo
MBEYA,Ntaba
MBEYA,Bwawani
MBEYA,Chalangwa
MBEYA,Chokaa
MBEYA,Ifumbo
MBEYA,Itewe
MBEYA,Kambikatoto
MBEYA,Kasanga
MBEYA,Lualaje
MBEYA,Lupa
MBEYA,Mafyeko
MBEYA,Makongolosi
MBEYA,Mamba
MBEYA,Matundasi
MBEYA,Matwiga
MBEYA,Mbugani
MBEYA,Mkola
MBEYA,Mtanila
MBEYA,Nkungiungu
MBEYA,Sangambi
MBEYA,Upendo
MBEYA,Bondeni
MBEYA,Bujonde
MBEYA,Busale
MBEYA,Ibanda
MBEYA,Ikama
MBEYA,Ikimba
MBEYA,Ikolo
MBEYA,Ipande
MBEYA,Ipinda
MBEYA,Ipyana
MBEYA,Itope
MBEYA,Itunge
MBEYA,Kajunjumele
MBEYA,Katumbasongwe
MBEYA,Kyela
MBEYA,Lusungo
MBEYA,Mababu
MBEYA,Makwale
MBEYA,Matema
MBEYA,Muungano
MBEYA,Mwanganyanga
MBEYA,Mwaya
MBEYA,Ndandalo
MBEYA,Ndobo
MBEYA,Ngana
MBEYA,Ngonga
MBEYA,Njisi
MBEYA,Nkokwa
MBEYA,Nkuyu
MBEYA,Talatala
MBEYA,Chimala
MBEYA,Igava
MBEYA,Igurusi
MBEYA,Ihahi
MBEYA,Imalilo Songwe
MBEYA,Ipwani
MBEYA,Itamboleo
MBEYA,Kongolo
MBEYA,Lugelele
MBEYA,Luhanga
MBEYA,Madibira
MBEYA,Mahongole
MBEYA,Mapogoro
MBEYA,Mawindi
MBEYA,Miyombweni
MBEYA,Mwatenga
MBEYA,Ruiwa
MBEYA,Rujewa
MBEYA,Ubaruku
MBEYA,Utengule Usangu
MBEYA,Bonde La Songwe
MBEYA,Igale
MBEYA,Igoma
MBEYA,Ihango
MBEYA,Ijombe
MBEYA,Ikukwa
MBEYA,Ilembo
MBEYA,Ilungu
MBEYA,Inyala
MBEYA,Isuto
MBEYA,Itawa
MBEYA,Iwiji
MBEYA,Iwindi
MBEYA,Iyunga Mapinduzi
MBEYA,Izyra
MBEYA,Lwanjilo
MBEYA,Maendeleo
MBEYA,Masoko
MBEYA,Mjele
MBEYA,Mshewe
MBEYA,Nsalala
MBEYA,Santilya
MBEYA,Shizuvi
MBEYA,Swaya
MBEYA,Tembela
MBEYA,Ulenje
MBEYA,Utengule/Usongwe
MBEYA,Forest
MBEYA,Ghana
MBEYA,Iduda
MBEYA,Iganjo
MBEYA,Iganzo
MBEYA,Igawilo
MBEYA,Ilemi
MBEYA,Ilomba
MBEYA,Isanga
MBEYA,Isyesye
MBEYA,Itagano
MBEYA,Itende
MBEYA,Itezi
MBEYA,Itiji
MBEYA,Iwambi
MBEYA,Iyela
MBEYA,Iyunga
MBEYA,Iziwa
MBEYA,Kalobe
MBEYA,Maanga
MBEYA,Mabatini
MBEYA,Majengo
MBEYA,Mbalizi Road
MBEYA,Mwakibete
MBEYA,Mwansanga
MBEYA,Mwansenkwa
MBEYA,Nonde
MBEYA,Nsalaga
MBEYA,Nsoho
MBEYA,Nzovwe
MBEYA,Ruanda
MBEYA,Sinde
MBEYA,Sisimba
MBEYA,Uyole
MBEYA,Bagamoyo
MBEYA,Bujela
MBEYA,Bulyaga
MBEYA,Ibigi
MBEYA,Ikuti
MBEYA,Ilima
MBEYA,Iponjola
MBEYA,Isongole
MBEYA,Itagata
MBEYA,Kawetele
MBEYA,Kinyala
MBEYA,Kisiba
MBEYA,Kisondela
MBEYA,Kiwira
MBEYA,Kyimo
MBEYA,Lufingo
MBEYA,Lupepo
MBEYA,Makandana
MBEYA,Malindo
MBEYA,Masebe
MBEYA,Masukulu
MBEYA,Matwebe
MBEYA,Mpuguso
MBEYA,Msasani
MBEYA,Ndanto
MBEYA,Nkunga
MBEYA,Suma
MOROGORO,Chagongwe
MOROGORO,Chakwale
MOROGORO,Chanjale
MOROGORO,Chigela
MOROGORO,Gairo
MOROGORO,Idibo
MOROGORO,Italagwe
MOROGORO,Iyogwe
MOROGORO,Kibedya
MOROGORO,Leshata
MOROGORO,Madege
MOROGORO,Magoweko
MOROGORO,Mandege
MOROGORO,Mkalama
MOROGORO,Msingisi
MOROGORO,Nongwe
MOROGORO,Rubeho
MOROGORO,Ukwamani
MOROGORO,Ifakara
MOROGORO,Katindiuka
MOROGORO,Kibaoni
MOROGORO,Lipangalala
MOROGORO,Lumemo
MOROGORO,Mbasa
MOROGORO,Michenga
MOROGORO,Mlabani
MOROGORO,Viwanjasitini
MOROGORO,Ching'anda
MOROGORO,Chisano
MOROGORO,Chita
MOROGORO,Idete
MOROGORO,Igima
MOROGORO,Kalengakelo
MOROGORO,Kamwene
MOROGORO,Kiberege
MOROGORO,Kidatu
MOROGORO,Kisawasawa
MOROGORO,Mang'ula
MOROGORO,"Mang'ula ""B"""
MOROGORO,Masagati
MOROGORO,Mbingu
MOROGORO,Mchombe
MOROGORO,Mkula
MOROGORO,Mlimba
MOROGORO,Mngeta
MOROGORO,Mofu
MOROGORO,Msolwa Station
MOROGORO,Mwaya
MOROGORO,Namwawala
MOROGORO,Sanje
MOROGORO,Signal
MOROGORO,Uchindile
MOROGORO,Utengule
MOROGORO,Berega
MOROGORO,Chanzuru
MOROGORO,Dumila
MOROGORO,Kasiki
MOROGORO,Kidete
MOROGORO,Kidodi
MOROGORO,Kilangali
MOROGORO,Kimamba A
MOROGORO,Kimamba B
MOROGORO,Kisanga
MOROGORO,Kitete
MOROGORO,Lumbiji
MOROGORO,Lumuma
MOROGORO,Mabula
MOROGORO,Mabwerebwere
MOROGORO,Madoto
MOROGORO,Magole
MOROGORO,Magomeni
MOROGORO,Magubike
MOROGORO,Maguha
MOROGORO,Malolo
MOROGORO,Mamboya
MOROGORO,Masanze
MOROGORO,Mbigiri
MOROGORO,Mbumi
MOROGORO,Mhenda
MOROGORO,Mikumi
MOROGORO,Mkwatani
MOROGORO,Msowero
MOROGORO,Mtumbatu
MOROGORO,Mvumi
MOROGORO,Parakuyo
MOROGORO,Ruaha
MOROGORO,Rudewa
MOROGORO,Ruhembe
MOROGORO,Tindiga
MOROGORO,Ulaya
MOROGORO,Uleling'ombe
MOROGORO,Vidunda
MOROGORO,Zombo
MOROGORO,Biro
MOROGORO,Igawa
MOROGORO,Itete
MOROGORO,Kilosampepo
MOROGORO,Malinyi
MOROGORO,Mtimbira
MOROGORO,Ngoheranga
MOROGORO,Njiwa
MOROGORO,Sofi
MOROGORO,Usangule
MOROGORO,Bungu
MOROGORO,Bwakira Chini
MOROGORO,Bwakira Juu
MOROGORO,Gwata
MOROGORO,Kasanga
MOROGORO,Kibogwa
MOROGORO,Kibuko
MOROGORO,Kibungo
MOROGORO,Kidugalo
MOROGORO,Kinole
MOROGORO,Kiroka
MOROGORO,Kisaki
MOROGORO,Kisemu
MOROGORO,Kolero
MOROGORO,Konde
MOROGORO,Lundi
MOROGORO,Matuli
MOROGORO,Mikese
MOROGORO,Mkambarani
MOROGORO,Mkulazi
MOROGORO,Mkuyuni
MOROGORO,Mngazi
MOROGORO,Mtombozi
MOROGORO,Mvuha
MOROGORO,Ngerengere
MOROGORO,Selembala
MOROGORO,Singisa
MOROGORO,Tawa
MOROGORO,Tegetero
MOROGORO,Tomondo
MOROGORO,Tununguo
MOROGORO,Bigwa
MOROGORO,Boma
MOROGORO,Chamwino
MOROGORO,Kauzeni
MOROGORO,Kichangani
MOROGORO,Kihonda
MOROGORO,Kihonda Maghorofani
MOROGORO,Kilakala
MOROGORO,Kingo
MOROGORO,Kingolwira
MOROGORO,Kiwanja cha Ndege
MOROGORO,Luhungo
MOROGORO,Lukobe
MOROGORO,Mafiga
MOROGORO,Mafisa
MOROGORO,Magadu
MOROGORO,Mazimbu
MOROGORO,Mbuyuni
MOROGORO,Mindu
MOROGORO,Mji Mkuu
MOROGORO,Mji Mpya
MOROGORO,Mkundi
MOROGORO,Mlimani
MOROGORO,Mwembesongo
MOROGORO,Saba Saba
MOROGORO,Sultan Area
MOROGORO,Tungi
MOROGORO,Uwanja wa Taifa
MOROGORO,Bunduki
MOROGORO,Dakawa
MOROGORO,Diongoya
MOROGORO,Doma
MOROGORO,Hembeti
MOROGORO,Homboza
MOROGORO,Kanga
MOROGORO,Kibati
MOROGORO,Kikeo
MOROGORO,Kinda
MOROGORO,Langali
MOROGORO,Luale
MOROGORO,Lubungo
MOROGORO,Mangae
MOROGORO,Maskati
MOROGORO,Melela
MOROGORO,Mgeta
MOROGORO,Mhonda
MOROGORO,Mkindo
MOROGORO,Mlali
MOROGORO,Msongozi
MOROGORO,Mtibwa
MOROGORO,Mvomero
MOROGORO,Mziha
MOROGORO,Mzumbe
MOROGORO,Nyandira
MOROGORO,Pemba
MOROGORO,Sungaji
MOROGORO,Tchenzema
MOROGORO,Chirombola
MOROGORO,Euga
MOROGORO,Ilonga
MOROGORO,Iragua
MOROGORO,Isongo
MOROGORO,Ketaketa
MOROGORO,Lukande
MOROGORO,Lupiro
MOROGORO,Mahenge
MOROGORO,Mbuga
MOROGORO,Milola
MOROGORO,Minepa
MOROGORO,Msogezi
MOROGORO,Nawenge
MOROGORO,Sali
MOROGORO,Uponera
MOROGORO,Vigoi
MTWARA,Chigugu
MTWARA,Chikoropora
MTWARA,Chikukwe
MTWARA,Chikundi
MTWARA,Chikunja
MTWARA,Chiungutwa
MTWARA,Chiwale
MTWARA,Chiwata
MTWARA,Lipumburu
MTWARA,Lukuledi
MTWARA,Lulindi
MTWARA,Lupaso
MTWARA,Makongionda
MTWARA,Mbuyuni
MTWARA,Mchauru
MTWARA,Mitesa
MTWARA,Mjelejele
MTWARA,Mkululu
MTWARA,Mkundi
MTWARA,Mlingula
MTWARA,Mnavira
MTWARA,Mpanyani
MTWARA,Mpeta
MTWARA,Mpindimbi
MTWARA,Msikisi
MTWARA,Mwena
MTWARA,Namajani
MTWARA,Namalenga
MTWARA,Namatutwe
MTWARA,Nanganga
MTWARA,Nangoo
MTWARA,Nanjota
MTWARA,Ndanda
MTWARA,Sindano
MTWARA,Chanikanguo
MTWARA,Jida
MTWARA,Marika
MTWARA,Matawale
MTWARA,Migongo
MTWARA,Mkomaindo
MTWARA,Mkuti
MTWARA,Mtandi
MTWARA,Mumbaka
MTWARA,Mwenge Mtapika
MTWARA,Napupa
MTWARA,Nyasa
MTWARA,Sululu
MTWARA,Temeke
MTWARA,Dihimba
MTWARA,Kitere
MTWARA,Libobe
MTWARA,Lipwidi
MTWARA,Madimba
MTWARA,Mahurunga
MTWARA,Mangopachanne
MTWARA,Mayanga
MTWARA,Mbawala
MTWARA,Mkunwa
MTWARA,Moma
MTWARA,Mpapura
MTWARA,Msanga Mkuu
MTWARA,Msimbati
MTWARA,Muungano
MTWARA,Nalingu
MTWARA,Nanguruwe
MTWARA,Naumbu
MTWARA,Ndumbwe
MTWARA,Tangazo
MTWARA,Ziwani
MTWARA,Chikongola
MTWARA,Chuno
MTWARA,Jangwani
MTWARA,Kisungule
MTWARA,Likombe
MTWARA,Magengeni
MTWARA,Magomeni
MTWARA,Majengo
MTWARA,Mitengo
MTWARA,Mtawanya
MTWARA,Mtonya
MTWARA,Naliandele
MTWARA,Rahaleo
MTWARA,Reli
MTWARA,Shangani
MTWARA,Tandika
MTWARA,Ufukoni
MTWARA,Vigaeni
MTWARA,Chawi
MTWARA,Dinyecha
MTWARA,Hinju
MTWARA,Kianga
MTWARA,Kiromba
MTWARA,Kitaya
MTWARA,Mbembaleo
MTWARA,Milangominne
MTWARA,Mnima
MTWARA,Mnongodi
MTWARA,Mtimbwilimbwi
MTWARA,Mtiniko
MTWARA,Namtumbuka
MTWARA,Nanyamba
MTWARA,Nitekela
MTWARA,Njengwa
MTWARA,Nyundo
MTWARA,Chipuputa
MTWARA,Kamundi
MTWARA,Kilimanihewa
MTWARA,Likokona
MTWARA,Lumesule
MTWARA,Mangaka
MTWARA,Maratani
MTWARA,Masuguru
MTWARA,Michiga
MTWARA,Mikangaula
MTWARA,Mkonona
MTWARA,Mnanje
MTWARA,Nakopi
MTWARA,Nandete
MTWARA,Nangomba
MTWARA,Nanyumbu
MTWARA,Sengenya
MTWARA,Chihangu
MTWARA,Chilangala
MTWARA,Chitekete
MTWARA,Chiwonga
MTWARA,Kitangari
MTWARA,Makukwe
MTWARA,Malatu
MTWARA,Maputi
MTWARA,Mchemo
MTWARA,Mdimba Mpelepele
MTWARA,Mikumbi
MTWARA,Mkoma II
MTWARA,Mkwedu
MTWARA,Mnyambe
MTWARA,Mnyeu
MTWARA,Mpwapwa
MTWARA,Mtopwa
MTWARA,Mtunguru
MTWARA,Nakahako
MTWARA,Nambali
MTWARA,Nandwahi
MTWARA,Julia
MTWARA,Luchingu
MTWARA,Mahumbika
MTWARA,Makonga
MTWARA,Makote
MTWARA,Mcholi I
MTWARA,Mcholi II
MTWARA,Mkulung'ulu
MTWARA,Mkunya
MTWARA,Mnekachi
MTWARA,Mtumachi
MTWARA,Namiyonga
MTWARA,Nangwala
MTWARA,Tulindane
MTWARA,Chaume
MTWARA,Chingungwe
MTWARA,Dinduma
MTWARA,Kitama
MTWARA,Kwanyama
MTWARA,Litehu
MTWARA,Luagala
MTWARA,Lukokoda
MTWARA,Lyenje
MTWARA,Mahuta
MTWARA,Malopokelo
MTWARA,Maundo
MTWARA,Mchichira
MTWARA,Mdimba Mnyoma
MTWARA,Michenjele
MTWARA,Mihambwe
MTWARA,Milongodi
MTWARA,Miuta
MTWARA,Mkonjowano
MTWARA,Mkoreha
MTWARA,Mkwiti
MTWARA,Mndumbwe
MTWARA,Mnyawa
MTWARA,Nambahu
MTWARA,Namikupa
MTWARA,Nanhyanga
MTWARA,Naputa
MTWARA,Ngunja
MTWARA,Tandahimba
MWANZA,Bangwe
MWANZA,Bugoro
MWANZA,Bukokwa
MWANZA,Bulyaheke
MWANZA,Bupandwa
MWANZA,Iligamba
MWANZA,Irenza
MWANZA,Kafunzo
MWANZA,Kalebezo
MWANZA,Kasisa
MWANZA,Katwe
MWANZA,kazunzu
MWANZA,Lugata
MWANZA,Maisome
MWANZA,Nyakaliro
MWANZA,Nyakasasa
MWANZA,Nyakasungwa
MWANZA,Nyanzenda
MWANZA,Nyehunge
MWANZA,Uharanyonga
MWANZA,Bugogwa
MWANZA,Buswelu
MWANZA,Buzuruga
MWANZA,Ibungilo
MWANZA,Ilemela
MWANZA,Kahama
MWANZA,Kawekamo
MWANZA,Kayenze
MWANZA,Kirumba
MWANZA,Kiseke
MWANZA,Kitangiri
MWANZA,MECCO
MWANZA,Nyakato
MWANZA,Nyamanoro
MWANZA,Nyamhongolo
MWANZA,Nyasaka
MWANZA,Pasiansi
MWANZA,Sangabuye
MWANZA,Shibula
MWANZA,Bugando
MWANZA,Bungulwa
MWANZA,Bupamwa
MWANZA,Fukalo
MWANZA,Hungumalwa
MWANZA,Igongwa
MWANZA,Ilula
MWANZA,Iseni
MWANZA,Kikubiji
MWANZA,Lyoma
MWANZA,Maligisu
MWANZA,Malya
MWANZA,Mantare
MWANZA,Mhande
MWANZA,Mwabomba
MWANZA,Mwagi
MWANZA,Mwakilyambiti
MWANZA,Mwamala
MWANZA,Mwandu
MWANZA,Mwang'halanga
MWANZA,Mwankulwe
MWANZA,Ng'hundi
MWANZA,Ngudu
MWANZA,Ngulla
MWANZA,Nkalalo
MWANZA,Nyambiti
MWANZA,Nyamilama
MWANZA,Shilembo
MWANZA,Sumve
MWANZA,Walla
MWANZA,Buhumbi
MWANZA,Bujashi
MWANZA,Bujora
MWANZA,Bukandwe
MWANZA,Chabula
MWANZA,Isandula
MWANZA,Itumbili
MWANZA,Jinjimili
MWANZA,Kabila
MWANZA,Kahangara
MWANZA,Kandawe
MWANZA,Kisesa
MWANZA,Kitongo sima
MWANZA,Kongolo
MWANZA,Lubugu
MWANZA,Lutale
MWANZA,Magu mjini
MWANZA,Mwamabanza
MWANZA,Mwamanga
MWANZA,Ng'haya
MWANZA,Nkungulu
MWANZA,Nyanguge
MWANZA,Nyigogo
MWANZA,Shishani
MWANZA,Sukuma
MWANZA,Buhingo
MWANZA,Bulemeji
MWANZA,Busongo
MWANZA,Fella
MWANZA,Gulumungu
MWANZA,Idetemya
MWANZA,Igokelo
MWANZA,Ilujamate
MWANZA,Isengengeja
MWANZA,Isesa
MWANZA,Kanyelele
MWANZA,Kasololo
MWANZA,Kijima
MWANZA,Koromije
MWANZA,Lubili
MWANZA,Mabuki
MWANZA,Mamaye
MWANZA,Mbarika
MWANZA,Misasi
MWANZA,Misungwi
MWANZA,Mondo
MWANZA,Mwaniko
MWANZA,Nhundulu
MWANZA,Shilalo
MWANZA,Sumbugu
MWANZA,Ukiriguru
MWANZA,Usagara
MWANZA,Buhongwa
MWANZA,Butimba
MWANZA,Igogo
MWANZA,Igoma
MWANZA,Isamilo
MWANZA,Kishili
MWANZA,Mahina
MWANZA,Mbugani
MWANZA,Mhandu
MWANZA,Mirongo
MWANZA,Mkolani
MWANZA,Mkuyuni
MWANZA,Nyamagana
MWANZA,Nyegezi
MWANZA,Pamba
MWANZA,Bitoto
MWANZA,Busisi
MWANZA,Buyagu
MWANZA,Buzilasoga
MWANZA,Chifunfu
MWANZA,Ibisabageni
MWANZA,Ibondo
MWANZA,Igalula
MWANZA,Igulumuki
MWANZA,Kagunga
MWANZA,Kahumulo
MWANZA,Kasenyi
MWANZA,Kasungamile
MWANZA,Katunguru
MWANZA,Kishinda
MWANZA,Mission
MWANZA,Mwabaluhi
MWANZA,Ngoma
MWANZA,Nyamatongo
MWANZA,Nyamazugo
MWANZA,Nyamizeze
MWANZA,Nyampande
MWANZA,Nyampulukano
MWANZA,Nyatukara
MWANZA,Sima
MWANZA,Tabaruka
MWANZA,Bukanda
MWANZA,Bukiko
MWANZA,Bukindo
MWANZA,Bukongo
MWANZA,Bukungu
MWANZA,Bwiro
MWANZA,Bwisya
MWANZA,Igalla
MWANZA,Ilangala
MWANZA,Irugwa
MWANZA,Kagera
MWANZA,Kagunguli
MWANZA,Kakerege
MWANZA,Kakukuru
MWANZA,Mukituntu
MWANZA,Muriti
MWANZA,Murutunguru
MWANZA,Nakatunguru
MWANZA,Namagondo
MWANZA,Namilembe
MWANZA,Nansio
MWANZA,Nduruma
MWANZA,Nkilizya
MWANZA,Nyamanga
NJOMBE,Ibumi
NJOMBE,Kilondo
NJOMBE,Lifuma
NJOMBE,Luana
NJOMBE,Ludende
NJOMBE,Ludewa
NJOMBE,Lugarawa
NJOMBE,Luilo
NJOMBE,Lumbila
NJOMBE,Lupanga
NJOMBE,Lupingu
NJOMBE,Madilu
NJOMBE,Madope
NJOMBE,Makonde
NJOMBE,Manda
NJOMBE,Masasi
NJOMBE,Mavanga
NJOMBE,Mawengi
NJOMBE,Milo
NJOMBE,Mkongobaki
NJOMBE,Mlangali
NJOMBE,Mundindi
NJOMBE,Nkomang'ombe
NJOMBE,Ruhuhu
NJOMBE,Kitandililo
NJOMBE,Kitisi
NJOMBE,Kivavi
NJOMBE,Lyamkena
NJOMBE,Maguvani
NJOMBE,Mahongole
NJOMBE,Majengo
NJOMBE,Makambako
NJOMBE,Mjimwema
NJOMBE,Mlowa
NJOMBE,Mwembetogwa
NJOMBE,Utengule
NJOMBE,Bulongwa
NJOMBE,Ikuwo
NJOMBE,Iniho
NJOMBE,Ipelele
NJOMBE,Ipepo
NJOMBE,Isapulano
NJOMBE,Itundu
NJOMBE,Iwawa
NJOMBE,Kapagalo
NJOMBE,Kigala
NJOMBE,Kigulu
NJOMBE,Kinyika
NJOMBE,Kitulo
NJOMBE,Lupalilo
NJOMBE,Lupila
NJOMBE,Luwumbu
NJOMBE,Mang'oto
NJOMBE,Matamba
NJOMBE,Mbalatse
NJOMBE,Mfumbi
NJOMBE,Mlondwe
NJOMBE,Tandala
NJOMBE,Ukwama
NJOMBE,Idamba
NJOMBE,Igongolo
NJOMBE,Ikondo
NJOMBE,Ikuna
NJOMBE,Kichiwa
NJOMBE,Kidegembye
NJOMBE,Lupembe
NJOMBE,Matembwe
NJOMBE,Mfriga
NJOMBE,Mtwango
NJOMBE,Ninga
NJOMBE,Ihanga
NJOMBE,Iwungilo
NJOMBE,Kifanya
NJOMBE,Lugenge
NJOMBE,Luponde
NJOMBE,Makowo
NJOMBE,Matola
NJOMBE,Njombe Mjini
NJOMBE,Ramadhani
NJOMBE,Utalingoro
NJOMBE,Uwemba
NJOMBE,Yakobi
NJOMBE,Igima
NJOMBE,Igosi
NJOMBE,Igwachanya
NJOMBE,Ilembula
NJOMBE,Imalinyi
NJOMBE,Itulahumba
NJOMBE,Kidugala
NJOMBE,Kijombe
NJOMBE,Kipengele
NJOMBE,Luduga
NJOMBE,Makoga
NJOMBE,Malangali
NJOMBE,Mdandu
NJOMBE,Saja
NJOMBE,Udonja
NJOMBE,Uhambule
NJOMBE,Uhenga
NJOMBE,Ulembwe
NJOMBE,Usuka
NJOMBE,Wangama
NJOMBE,Wanging'ombe
PWANI,Dunda
PWANI,Fukayosi
PWANI,Kerege
PWANI,Kiromo
PWANI,Kisutu
PWANI,Magomeni
PWANI,Makurunge
PWANI,Mapinga
PWANI,Nia Njema
PWANI,Yombo
PWANI,Zinga
PWANI,Bwilingu
PWANI,Kibindu
PWANI,Kimange
PWANI,Kiwangwa
PWANI,Lugoba
PWANI,Mandera
PWANI,Mbwewe
PWANI,Miono
PWANI,Mkange
PWANI,Msata
PWANI,Msoga
PWANI,Pera
PWANI,Talawanda
PWANI,Ubenazomozi
PWANI,Vigwaza
PWANI,Bokomnemela
PWANI,Dutumi
PWANI,Gwata
PWANI,Janga
PWANI,Kawawa
PWANI,Kikongo
PWANI,Kilangalanga
PWANI,Kwala
PWANI,Magindu
PWANI,Mlandizi
PWANI,Mtambani
PWANI,Mtongani
PWANI,Ruvu
PWANI,Soga
PWANI,Kibaha
PWANI,Kongowe
PWANI,Mailimoja
PWANI,Mbwawa
PWANI,Misugusugu
PWANI,Mkuza
PWANI,Msangani
PWANI,Pangani
PWANI,Picha ya ndege
PWANI,Tumbi
PWANI,Visiga
PWANI,Bungu
PWANI,Dimani
PWANI,Kibiti
PWANI,Kiongoroni
PWANI,Mahege
PWANI,Maparoni
PWANI,Mbuchi
PWANI,Mchukwi
PWANI,Mjawa
PWANI,Mlanzi
PWANI,Msala
PWANI,Mtawanya
PWANI,Mtunda
PWANI,Mwambao
PWANI,Ruaruke
PWANI,Salale
PWANI,Boga
PWANI,Chole
PWANI,Kazimzumbwi
PWANI,Kibuta
PWANI,Kiluvya
PWANI,Kisarawe
PWANI,Kurui
PWANI,Mafizi
PWANI,Maneromango
PWANI,Marui
PWANI,Marumbo
PWANI,Masaki
PWANI,Msanga
PWANI,Msimbu
PWANI,Mzenga
PWANI,Vihingo
PWANI,Vikumburu
PWANI,Baleni
PWANI,Jibondo
PWANI,Kanga
PWANI,Kiegeani
PWANI,Kilindoni
PWANI,Kirongwe
PWANI,Miburani
PWANI,Ndagoni
PWANI,Beta
PWANI,Bupu
PWANI,Dondo
PWANI,Kimanzichana
PWANI,Kiparang'anda
PWANI,Kisegese
PWANI,Kisiju
PWANI,Kitomondo
PWANI,Lukanga
PWANI,Magawa
PWANI,Mbezi
PWANI,Mipeko
PWANI,Mkamba
PWANI,Mkuranga
PWANI,Msonga
PWANI,Mwandege
PWANI,Mwarusembe
PWANI,Njianne
PWANI,Nyamato
PWANI,Panzuo
PWANI,Shungubweni
PWANI,Tambani
PWANI,Tengelea
PWANI,Vianzi
PWANI,Vikindu
PWANI,Chemchem
PWANI,Chumbi
PWANI,Ikwiriri
PWANI,Kipugira
PWANI,Mbwara
PWANI,Mgomba
PWANI,Mkongo
PWANI,Mohoro
PWANI,Mwaseni
PWANI,Ngarambe
PWANI,Ngorongo
PWANI,Umwe
PWANI,Utete
RUKWA,Kanyezi
RUKWA,Kasanga
RUKWA,Katazi
RUKWA,Katete
RUKWA,Kilesha
RUKWA,Kisumba
RUKWA,Legeza Mwendo
RUKWA,Mambwekenya
RUKWA,Matai
RUKWA,Mkali
RUKWA,Mkowe
RUKWA,Mnamba
RUKWA,Msanzi
RUKWA,Mwazye
RUKWA,Mwimbi
RUKWA,Sopa
RUKWA,Ulumi
RUKWA,Chala
RUKWA,Isale
RUKWA,Isale Asilia
RUKWA,Isunta
RUKWA,Itete
RUKWA,Kabwe
RUKWA,Kala
RUKWA,Kate
RUKWA,Kipande
RUKWA,Kipili
RUKWA,Kipundu
RUKWA,Kirando
RUKWA,Kizumbi
RUKWA,Korongwe
RUKWA,Majengo
RUKWA,Mashete
RUKWA,Mkinga
RUKWA,Mkwamba
RUKWA,Mtenga
RUKWA,Myula
RUKWA,Namanyere
RUKWA,Ninde
RUKWA,Nkandasi
RUKWA,Nkomolo
RUKWA,Ntatumbila
RUKWA,Paramawe
RUKWA,Sintali
RUKWA,Wampembe
RUKWA,Ikozi
RUKWA,Ilemba
RUKWA,Kaengesa
RUKWA,Kalambanzite
RUKWA,Kalumbaleza
RUKWA,Kanda
RUKWA,Kaoze
RUKWA,Kapenta
RUKWA,Kasanzama
RUKWA,Kilangawana
RUKWA,Kipeta
RUKWA,Laela
RUKWA,Lusaka
RUKWA,Lyangalile
RUKWA,Mfinga
RUKWA,Miangalua
RUKWA,Milepa
RUKWA,Mnokola
RUKWA,Mpui
RUKWA,Mpwapwa
RUKWA,Msanda Muungano
RUKWA,Mtowisa
RUKWA,Muze
RUKWA,Mwadui
RUKWA,Nankanga
RUKWA,Sandulula
RUKWA,Zimba
RUKWA,Chanji
RUKWA,Izia
RUKWA,Kasense
RUKWA,Katandala
RUKWA,Kizwite
RUKWA,Lwiche
RUKWA,Mafulala
RUKWA,Malangali
RUKWA,Matanga
RUKWA,Mazwi
RUKWA,Milanzi
RUKWA,Mollo
RUKWA,Momoka
RUKWA,Msua
RUKWA,Ntendo
RUKWA,Pito
RUKWA,Senga
RUKWA,Sumbawanga
RUVUMA,Gumbiro
RUVUMA,Lituta
RUVUMA,Mahanje
RUVUMA,Mateteleka
RUVUMA,Matumbi
RUVUMA,Mkongotema
RUVUMA,Mtyangimbole
RUVUMA,Wino
RUVUMA,Amani Makolo
RUVUMA,Kambarage
RUVUMA,Kihangi Mahuka
RUVUMA,Kingosera
RUVUMA,Kipapa
RUVUMA,Kipololo
RUVUMA,Kitumbalomo
RUVUMA,Kitura
RUVUMA,Langiro
RUVUMA,Linda
RUVUMA,Litembo
RUVUMA,Litumbandyosi
RUVUMA,Lukarasi
RUVUMA,Maguu
RUVUMA,Mapera
RUVUMA,Matiri
RUVUMA,Mbuji
RUVUMA,Mhongozi
RUVUMA,Mikalanga
RUVUMA,Mkako
RUVUMA,Mkumbi
RUVUMA,Mpapa
RUVUMA,Muungano
RUVUMA,Namswea
RUVUMA,Ngima
RUVUMA,Nyoni
RUVUMA,Ruanda
RUVUMA,Ukata
RUVUMA,Wukiro
RUVUMA,Betrehemu
RUVUMA,Kagugu
RUVUMA,Kihungu
RUVUMA,Kikolo
RUVUMA,Kilimani
RUVUMA,Kitanda
RUVUMA,Luhuwiko
RUVUMA,Lusonga
RUVUMA,Luwaita
RUVUMA,MASUMUNI
RUVUMA,Matarawe
RUVUMA,Mateka
RUVUMA,Mbambi
RUVUMA,Mbangamao
RUVUMA,Mbinga Mjini B
RUVUMA,Mpepai
RUVUMA,Myangayanga
RUVUMA,Utiri
RUVUMA,Hanga
RUVUMA,Ligera
RUVUMA,Likuyuseka
RUVUMA,Limamu
RUVUMA,Lisimonji
RUVUMA,Litola
RUVUMA,Luchili
RUVUMA,Luegu
RUVUMA,Lusewa
RUVUMA,Magazini
RUVUMA,Mchomolo
RUVUMA,Mgombasi
RUVUMA,Mkongo
RUVUMA,Mkongo gulioni
RUVUMA,Mputa
RUVUMA,Msindo
RUVUMA,Msisima
RUVUMA,Namabengo
RUVUMA,Namtumbo
RUVUMA,Rwinga
RUVUMA,Chiwanda
RUVUMA,Kihagara
RUVUMA,Kilosa
RUVUMA,Kingerikiti
RUVUMA,Linga
RUVUMA,Liparamba
RUVUMA,Lipingo
RUVUMA,Lituhi
RUVUMA,Liuli
RUVUMA,Liwundi
RUVUMA,Luhangarasi
RUVUMA,Lumeme
RUVUMA,Mbaha
RUVUMA,Mbamba bay
RUVUMA,Mipotopoto
RUVUMA,Mpepo
RUVUMA,Mtipwili
RUVUMA,Ngumbo
RUVUMA,Tingi
RUVUMA,Upolo
RUVUMA,Kilagano
RUVUMA,Kizuka
RUVUMA,Liganga
RUVUMA,Lilahi
RUVUMA,Litapwasi
RUVUMA,Litisha
RUVUMA,Magagula
RUVUMA,Maposeni
RUVUMA,Matimila
RUVUMA,Mbinga Mhalule
RUVUMA,Mpandangindo
RUVUMA,Mpitimbi
RUVUMA,Muhukuru
RUVUMA,Ndongosi
RUVUMA,PARANGU
RUVUMA,Peramiho
RUVUMA,Bombambili
RUVUMA,Lilambo
RUVUMA,Lizaboni
RUVUMA,Majengo
RUVUMA,Mashangano
RUVUMA,Matogoro
RUVUMA,Mfaranyaki
RUVUMA,Misufini
RUVUMA,Mjimwema
RUVUMA,Mjini
RUVUMA,Mletele
RUVUMA,Msamala
RUVUMA,Mwengemshindo
RUVUMA,Ndilimalitembo
RUVUMA,Ruhuwiko
RUVUMA,Ruvuma
RUVUMA,Seedfarm
RUVUMA,Subira
RUVUMA,Tanga
RUVUMA,Chiwana
RUVUMA,Jakika
RUVUMA,Kalulu
RUVUMA,Kidodoma
RUVUMA,Ligoma
RUVUMA,Ligunga
RUVUMA,Lukumbule
RUVUMA,Majimaji
RUVUMA,Marumba
RUVUMA,Masonya
RUVUMA,Matemanga
RUVUMA,Mbati
RUVUMA,Mbesa
RUVUMA,Mchangani
RUVUMA,Mchesi
RUVUMA,Mchoteka
RUVUMA,Mchuluka
RUVUMA,Mindu
RUVUMA,Misechela
RUVUMA,Mlingoti Magharibi
RUVUMA,Mlingoti Mashariki
RUVUMA,Mtina
RUVUMA,Muhuwesi
RUVUMA,Nakapanya
RUVUMA,Nakayaya
RUVUMA,Nalasi Magharibi
RUVUMA,Nalasi Mashariki
RUVUMA,Namakambale
RUVUMA,Namasakata
RUVUMA,Namiungo
RUVUMA,Nampungu
RUVUMA,Namwinyu
RUVUMA,Nandembo
RUVUMA,Nanjoka
RUVUMA,Ngapa
RUVUMA,Sisi Kwa Sisi
RUVUMA,Tinginya
RUVUMA,Tuwemacho
SHINYANGA,Busoka
SHINYANGA,Isagehe
SHINYANGA,Iyenze
SHINYANGA,Kagongwa
SHINYANGA,Kahama Mjini
SHINYANGA,Kilago
SHINYANGA,Kinaga
SHINYANGA,Majengo
SHINYANGA,Malunga
SHINYANGA,Mhongolo
SHINYANGA,Mhungula
SHINYANGA,Mondo
SHINYANGA,Mwandakulima
SHINYANGA,Ngogwa
SHINYANGA,Nyahanga
SHINYANGA,Nyandekwa
SHINYANGA,Nyasubi
SHINYANGA,Nyihogo
SHINYANGA,Wendele
SHINYANGA,Zongomera
SHINYANGA,Bubiki
SHINYANGA,Bunambiyu
SHINYANGA,Bupipi
SHINYANGA,Busangwa
SHINYANGA,Idukilo
SHINYANGA,Igaga
SHINYANGA,Itilima
SHINYANGA,Kiloleli
SHINYANGA,Kishapu
SHINYANGA,Lagana
SHINYANGA,Maganzo
SHINYANGA,Masanga
SHINYANGA,Mwadui Lohumbo
SHINYANGA,Mwakipoya
SHINYANGA,Mwamalasa
SHINYANGA,Mwamashele
SHINYANGA,Mwasubi
SHINYANGA,Mwataga
SHINYANGA,Mwaweja
SHINYANGA,Ndoleleji
SHINYANGA,Ngofila
SHINYANGA,Seke Bugoro
SHINYANGA,Shagihilu
SHINYANGA,Somagedi
SHINYANGA,Songwa
SHINYANGA,Talaga
SHINYANGA,Uchunga
SHINYANGA,Ukenyenge
SHINYANGA,Bugarama
SHINYANGA,Bulige
SHINYANGA,Bulyan'hulu
SHINYANGA,Busangi
SHINYANGA,Chela
SHINYANGA,Ikinda
SHINYANGA,Isaka
SHINYANGA,Jana
SHINYANGA,Kashishi
SHINYANGA,Lunguya
SHINYANGA,Mega
SHINYANGA,Mwakata
SHINYANGA,Mwalugulu
SHINYANGA,Mwanase
SHINYANGA,Ngaya
SHINYANGA,Ntobo
SHINYANGA,Segese
SHINYANGA,Shilela
SHINYANGA,Bukene
SHINYANGA,Didia
SHINYANGA,Imesela
SHINYANGA,Iselamagazi
SHINYANGA,Itwangi
SHINYANGA,llola
SHINYANGA,Lyabukande
SHINYANGA,Lyabusalu
SHINYANGA,Lyamidati
SHINYANGA,Masengwa
SHINYANGA,Mwakitolyo
SHINYANGA,Mwalukwa
SHINYANGA,Mwamala
SHINYANGA,Mwantini
SHINYANGA,Mwenge
SHINYANGA,Nsalala
SHINYANGA,Nyamalogo
SHINYANGA,Nyida
SHINYANGA,Pandagichiza
SHINYANGA,Puni
SHINYANGA,Salawe
SHINYANGA,Samuye
SHINYANGA,Solwa
SHINYANGA,Tinde
SHINYANGA,Usanda
SHINYANGA,Usule
SHINYANGA,Chamaguha
SHINYANGA,Chibe
SHINYANGA,Ibadakuli
SHINYANGA,Ibinzamata
SHINYANGA,Kambarage
SHINYANGA,Kitangili
SHINYANGA,Kizumbi
SHINYANGA,Kolandoto
SHINYANGA,Lubaga
SHINYANGA,Masekelo
SHINYANGA,Mjini
SHINYANGA,Mwamalili
SHINYANGA,Mwawaza
SHINYANGA,Ndala
SHINYANGA,Ndembezi
SHINYANGA,Ngokolo
SHINYANGA,Old Shinyanga
SHINYANGA,Bukomela
SHINYANGA,Bulungwa
SHINYANGA,Chambo
SHINYANGA,Chona
SHINYANGA,Idahina
SHINYANGA,Igunda
SHINYANGA,Igwamanoni
SHINYANGA,Kinamapula
SHINYANGA,Kisuke
SHINYANGA,Mapamba
SHINYANGA,Mpunze
SHINYANGA,Nyamilangano
SHINYANGA,Nyankende
SHINYANGA,Sabasabini
SHINYANGA,Ubagwe
SHINYANGA,Ukune
SHINYANGA,Ulewe
SHINYANGA,Ulowa
SHINYANGA,Ushetu
SHINYANGA,Uyogo
SIMIYU,Benemhi
SIMIYU,Dutwa
SIMIYU,Gambosi
SIMIYU,Gibishi
SIMIYU,Gilya
SIMIYU,Ihusi
SIMIYU,Ikungulyabashashi
SIMIYU,Itubukilo
SIMIYU,Kasoli
SIMIYU,Kilalo
SIMIYU,Masewa
SIMIYU,Matongo
SIMIYU,Mwadobana
SIMIYU,Mwasubuya
SIMIYU,Mwaubingi
SIMIYU,Mwaumatondo
SIMIYU,Ngulyati
SIMIYU,Nkindwabiye
SIMIYU,Nkololo
SIMIYU,Sakwe
SIMIYU,Sapiwi
SIMIYU,Bariadi
SIMIYU,Bunamhala
SIMIYU,Guduwi
SIMIYU,Isanga
SIMIYU,Malambo
SIMIYU,Mhango
SIMIYU,Nyakabindi
SIMIYU,Nyangokolwa
SIMIYU,Sima
SIMIYU,Somanda
SIMIYU,Badugu
SIMIYU,Igalukilo
SIMIYU,Imalamate
SIMIYU,Kabita
SIMIYU,Kalemela
SIMIYU,Kiloleli
SIMIYU,Lamadi
SIMIYU,Lutubiga
SIMIYU,Malili
SIMIYU,Mkula
SIMIYU,Mwamanyili
SIMIYU,Ngasamo
SIMIYU,Nyaluhande
SIMIYU,Nyashimo
SIMIYU,Shigala
SIMIYU,Budalabujiga
SIMIYU,Bumera
SIMIYU,Chinamili
SIMIYU,Ikindilo
SIMIYU,Kinang'weli
SIMIYU,Lagangabilili
SIMIYU,Luguru
SIMIYU,Mbita
SIMIYU,Mhunze
SIMIYU,Migato
SIMIYU,Mwalushu
SIMIYU,Mwamapalala
SIMIYU,Mwamtani
SIMIYU,Mwaswale
SIMIYU,Ndolelezi
SIMIYU,Nhobora
SIMIYU,Nkoma
SIMIYU,Nkuyu
SIMIYU,Nyamalapa
SIMIYU,Sagata
SIMIYU,Sawida
SIMIYU,Zagayu
SIMIYU,Badi
SIMIYU,Binza
SIMIYU,Buchambi
SIMIYU,Budekwa
SIMIYU,Bugarama
SIMIYU,Busangi
SIMIYU,Busilili
SIMIYU,Dakama
SIMIYU,Ipililo
SIMIYU,Jija
SIMIYU,Kadoto
SIMIYU,Kulimi
SIMIYU,Lalago
SIMIYU,Malampaka
SIMIYU,Masela
SIMIYU,Mataba
SIMIYU,Mbaragane
SIMIYU,Mpindo
SIMIYU,Mwabaratulu
SIMIYU,Mwabayanda
SIMIYU,Mwamanenge
SIMIYU,Mwamashimba
SIMIYU,Mwang'honoli
SIMIYU,Nguliguli
SIMIYU,Ng'wigwa
SIMIYU,Nyabubinza
SIMIYU,Nyalikungu
SIMIYU,Sangamwalugesha
SIMIYU,Senani
SIMIYU,Seng'wa
SIMIYU,Shanwa
SIMIYU,Shishiyu
SIMIYU,Sola
SIMIYU,Sukuma
SIMIYU,Zanzui
SIMIYU,Bukundi
SIMIYU,Imalaseko
SIMIYU,Isengwa
SIMIYU,Itinje
SIMIYU,Kabondo
SIMIYU,Kimali
SIMIYU,Kisesa
SIMIYU,Lingeka
SIMIYU,Lubiga
SIMIYU,Mbugayabanghya
SIMIYU,Mbushi
SIMIYU,Mwabuma
SIMIYU,Mwabusalu
SIMIYU,Mwabuzo
SIMIYU,Mwakisandu
SIMIYU,Mwamalole
SIMIYU,Mwamanimba
SIMIYU,Mwamanongu
SIMIYU,Mwamishali
SIMIYU,Mwandoya
SIMIYU,Mwangudo
SIMIYU,Mwanhuzi
SIMIYU,Mwanjolo
SIMIYU,Mwanyahina
SIMIYU,Mwasengela
SIMIYU,Ng'hoboko
SIMIYU,Sakasaka
SIMIYU,Tindabuligi
SINGIDA,Dungiunyi
SINGIDA,Ighombwe
SINGIDA,Iglansoni
SINGIDA,Ihanja
SINGIDA,Ikungi
SINGIDA,Irisya
SINGIDA,Isseke
SINGIDA,Issuna
SINGIDA,Iyumbu
SINGIDA,Kikio
SINGIDA,Kituntu
SINGIDA,Lighwa
SINGIDA,Makilawa
SINGIDA,Makiungu
SINGIDA,Mangionyi
SINGIDA,Mgungira
SINGIDA,Minyughe
SINGIDA,Misughaa
SINGIDA,Mkiwa
SINGIDA,Mtunduru
SINGIDA,Muhintiri
SINGIDA,Mungaa
SINGIDA,Mwaru
SINGIDA,Ntuntu
SINGIDA,Puma
SINGIDA,Sepuka
SINGIDA,Siuyu
SINGIDA,Unyahati
SINGIDA,Kaselya
SINGIDA,Kidaru
SINGIDA,Kinampanda
SINGIDA,Kiomboi
SINGIDA,Kisiriri
SINGIDA,Kyengege
SINGIDA,Maluga
SINGIDA,Mbelekese
SINGIDA,Mgongo
SINGIDA,Mtekente
SINGIDA,Mtoa
SINGIDA,Mukulu
SINGIDA,Ndago
SINGIDA,Ndulungu
SINGIDA,Ntwike
SINGIDA,Old-Kiomboi
SINGIDA,Shelui
SINGIDA,Tulya
SINGIDA,Ulemo
SINGIDA,Urughu
SINGIDA,Aghondi
SINGIDA,Idodyandole
SINGIDA,Ipande
SINGIDA,Itigi Majengo
SINGIDA,Itigi Mjini
SINGIDA,Kalangali
SINGIDA,Kitaraka
SINGIDA,Mgandu
SINGIDA,Mitundu
SINGIDA,Mwamagembe
SINGIDA,Rungwa
SINGIDA,Sanjaranda
SINGIDA,Tambukareli
SINGIDA,Chikola
SINGIDA,Chikuyu
SINGIDA,Heka
SINGIDA,Kintinku
SINGIDA,Majiri
SINGIDA,Makanda
SINGIDA,Makuru
SINGIDA,Makutupora
SINGIDA,Manyoni
SINGIDA,Maweni
SINGIDA,Mkwese
SINGIDA,Muhalala
SINGIDA,Nkonko
SINGIDA,Sanza
SINGIDA,Saranda
SINGIDA,Sasajila
SINGIDA,Sasilo
SINGIDA,Solya
SINGIDA,Gumanga
SINGIDA,Ibaga
SINGIDA,Iguguno
SINGIDA,Ilunda
SINGIDA,Kikhonda
SINGIDA,Kinampundu
SINGIDA,Kinyangiri
SINGIDA,Matongo
SINGIDA,Miganga
SINGIDA,Mpambala
SINGIDA,Msingi
SINGIDA,Mwanga
SINGIDA,Mwangeza
SINGIDA,Nduguti
SINGIDA,Nkalakala
SINGIDA,Nkinto
SINGIDA,Tumuli
SINGIDA,Ikhanoda
SINGIDA,Ilongero
SINGIDA,Itaja
SINGIDA,Kijota
SINGIDA,Kinyagigi
SINGIDA,Kinyeto
SINGIDA,Maghojoa
SINGIDA,Makuro
SINGIDA,Merya
SINGIDA,Mgori
SINGIDA,Mrama
SINGIDA,Msange
SINGIDA,Msisi
SINGIDA,Mtinko
SINGIDA,Mudida
SINGIDA,Mughamo
SINGIDA,Mughunga
SINGIDA,Mwasauya
SINGIDA,Ngimu
SINGIDA,Ntonge
SINGIDA,Ughandi
SINGIDA,Ipembe
SINGIDA,Kindai
SINGIDA,Kisaki
SINGIDA,Majengo
SINGIDA,Mandewa
SINGIDA,Minga
SINGIDA,Misuna
SINGIDA,Mitunduruni
SINGIDA,Mtamaa
SINGIDA,Mtipa
SINGIDA,Mughanga
SINGIDA,Mungumaji
SINGIDA,Mwankoko
SINGIDA,Uhamaka
SINGIDA,Unyambwa
SINGIDA,Unyamikumbi
SINGIDA,Unyianga
SINGIDA,Utemini
SONGWE,Bupigu
SONGWE,Chitete
SONGWE,Ibaba
SONGWE,Ikinga
SONGWE,Isongole
SONGWE,Itale
SONGWE,Itumba
SONGWE,Kafule
SONGWE,Kalembo
SONGWE,Lubanda
SONGWE,Luswisi
SONGWE,Malangali
SONGWE,Mbebe
SONGWE,Mlale
SONGWE,Ndola
SONGWE,Ngulilo
SONGWE,Ngulugulu
SONGWE,Sange
SONGWE,Bara
SONGWE,Halungu
SONGWE,Hasamba
SONGWE,Hasanga
SONGWE,Hezya
SONGWE,Ichenjezya
SONGWE,Idiwili
SONGWE,Igamba
SONGWE,Ihanda
SONGWE,Ilolo
SONGWE,Ipunga
SONGWE,Isandula
SONGWE,Isansa
SONGWE,Itaka
SONGWE,Itumpi
SONGWE,Iyula
SONGWE,Kilimampimbi
SONGWE,Magamba
SONGWE,Mlangali
SONGWE,Mlowo
SONGWE,Msia
SONGWE,Myovizi
SONGWE,Nambinzo
SONGWE,Nanyala
SONGWE,Nyimbili
SONGWE,Ruanda
SONGWE,Shiwinga
SONGWE,Vwawa
SONGWE,Wasa
SONGWE,Chilulumo
SONGWE,Ikana
SONGWE,Ivuna
SONGWE,Kamsamba
SONGWE,Kapele
SONGWE,Mkomba
SONGWE,Mkulwe
SONGWE,Mpapa
SONGWE,Msangano
SONGWE,Myunga
SONGWE,Ndalambo
SONGWE,Nkangamo
SONGWE,Nzoka
SONGWE,Changiombe
SONGWE,Galula
SONGWE,Gua
SONGWE,Ifwenkenya
SONGWE,Kanga
SONGWE,Kapalala
SONGWE,Manda
SONGWE,Mbangala
SONGWE,Mbuyuni
SONGWE,Mkwajuni
SONGWE,Mpona
SONGWE,Mwambani
SONGWE,Namkukwe
SONGWE,Ngwala
SONGWE,Saza
SONGWE,Totowe
SONGWE,Udinde
SONGWE,Chapwa
SONGWE,Chipaka
SONGWE,Chiwezi
SONGWE,Kaloleni
SONGWE,Katete
SONGWE,Majengo
SONGWE,Maporomoko
SONGWE,Mpande
SONGWE,Mpemba
SONGWE,Muungano
SONGWE,Mwakakati
SONGWE,Sogea
SONGWE,Tunduma
SONGWE,Uwanjani
TABORA,Bukoko
TABORA,Chabutwa
TABORA,Chomachankola
TABORA,Iborogelo
TABORA,Igoweko
TABORA,Igunga
TABORA,Igurubi
TABORA,Isakamaliwa
TABORA,Itumba
TABORA,Itunduru
TABORA,Kining'inila
TABORA,Kinungu
TABORA,Kitangili
TABORA,Lugubu
TABORA,Mbutu
TABORA,Mtunguru
TABORA,Mwamakoma
TABORA,Mwamala
TABORA,Mwamashiga
TABORA,Mwamashimba
TABORA,Mwashikumbili
TABORA,Mwisi
TABORA,Nanga
TABORA,Ndembezi
TABORA,Ngulu
TABORA,Nguvumoja
TABORA,Nkinga
TABORA,Ntobo
TABORA,Nyandekwa
TABORA,Simbo
TABORA,Sungwizi
TABORA,Tambalale
TABORA,Ugaka
TABORA,Uswaya
TABORA,Ziba
TABORA,Ichemba
TABORA,Igagala
TABORA,Igombemkulu
TABORA,Igwisi
TABORA,Ilege
TABORA,Kaliua
TABORA,Kamsekwa
TABORA,Kanindo
TABORA,Kanoge
TABORA,Kashishi
TABORA,Kazaroho
TABORA,Kona nne
TABORA,Makingi
TABORA,Milambo
TABORA,Mwongozo
TABORA,Nhwande*
TABORA,Sasu
TABORA,Seleli
TABORA,Silambo
TABORA,Ufukutwa
TABORA,Ugunga
TABORA,Ukumbi Siganga
TABORA,Usenye
TABORA,Ushokola
TABORA,Usimba
TABORA,Usinge
TABORA,Uyowa
TABORA,Zugimlole
TABORA,Budushi
TABORA,Bukene
TABORA,Igusule
TABORA,Ikindwa
TABORA,Isagenhe
TABORA,Isanzu
TABORA,Itobo
TABORA,Kamanhalanga
TABORA,Karitu
TABORA,Kasela
TABORA,Lusu
TABORA,Magengati
TABORA,Mambali
TABORA,Mbagwa
TABORA,Milambo Itobo
TABORA,Mizibaziba
TABORA,Mogwa
TABORA,Muhugi
TABORA,Mwakashanhala
TABORA,Mwangoye
TABORA,Mwantundu
TABORA,Mwasala
TABORA,Nata
TABORA,Ndala
TABORA,Nkiniziwa
TABORA,Puge
TABORA,Semembela
TABORA,Shigamba
TABORA,Sigili
TABORA,Tongi
TABORA,Uduka
TABORA,Ugembe
TABORA,Utwigu
TABORA,Wela
TABORA,Ijanija
TABORA,Itilo
TABORA,Mbogwe
TABORA,Miguwa
TABORA,Mwanzoli
TABORA,Nzega Mjini Magharibi
TABORA,Nzega Mjini Mashariki
TABORA,Nzega Ndogo
TABORA,Uchama
TABORA,Igigwa
TABORA,Ipole
TABORA,Kiloleli
TABORA,Kiloli
TABORA,Kilumbi
TABORA,Kipanga
TABORA,Kipili
TABORA,Kisanga
TABORA,Kitunda
TABORA,Misheni
TABORA,Mkolye
TABORA,Mole
TABORA,Mpombwe
TABORA,Ngoywa
TABORA,Nyahua
TABORA,Pangale
TABORA,Sikonge
TABORA,Tutuo
TABORA,Usunga
TABORA,Chemchem
TABORA,Cheyo
TABORA,Gongoni
TABORA,Ifucha
TABORA,Ikomwa
TABORA,Ipuli
TABORA,Isevya
TABORA,Itetemia
TABORA,Itonjanda
TABORA,Kabila
TABORA,Kakola
TABORA,Kalunde
TABORA,Kanyenye
TABORA,Kidongochekundu
TABORA,Kiloleni
TABORA,Kitete
TABORA,Malolo
TABORA,Mapambano
TABORA,Mbugani
TABORA,Misha
TABORA,Mpela
TABORA,Mtenedeni
TABORA,Mwinyi
TABORA,Ndevelwa
TABORA,Ng'ambo
TABORA,Ntalikwa
TABORA,Tambuka-Reli
TABORA,Tumbi
TABORA,Uyui
TABORA,Bukumbi
TABORA,Goweko
TABORA,Ibelamilundi
TABORA,Ibiri
TABORA,Igalula
TABORA,Igulungu
TABORA,Ikongolo
TABORA,Ilolangulu
TABORA,Isikizya
TABORA,Isila
TABORA,Kalola
TABORA,Kigwa
TABORA,Kizengi
TABORA,Loya
TABORA,Lutende
TABORA,Mabama
TABORA,Magiri
TABORA,Makazi
TABORA,Miswaki
TABORA,Miyenze
TABORA,Mmale
TABORA,Ndono
TABORA,Nsimbo
TABORA,Nsololo
TABORA,Nzubuka
TABORA,Shitage
TABORA,Tura
TABORA,Ufuluma
TABORA,Upuge
TABORA,Usagari
TABORA,Imalamakoye
TABORA,Itundu
TABORA,Kapilula
TABORA,Kasisi
TABORA,Kiyungi
TABORA,Mchikichini
TABORA,Muungano
TABORA,Nsenda
TABORA,Songambele
TABORA,Ugalla
TABORA,Ukondamoyo
TABORA,Urambo
TABORA,Usisya
TABORA,Ussoke
TABORA,Uyogo
TABORA,Uyumbu
TABORA,Vumilia
TANGA,Baga
TANGA,Bumbuli
TANGA,"Dule ""B"""
TANGA,Funta
TANGA,Kisiwani
TANGA,Kwemkomole
TANGA,Mahezangulu
TANGA,Mamba
TANGA,Mayo
TANGA,Mbuzii
TANGA,Mgwashi
TANGA,Milingano
TANGA,Mponde
TANGA,Nkongoi
TANGA,Soni
TANGA,Tamota
TANGA,Usambara
TANGA,Vuga
TANGA,Kabuku
TANGA,Kabuku ndani
TANGA,Kang'ata
TANGA,Kitumbi
TANGA,Kiva
TANGA,Komkonga
TANGA,Kwachaga
TANGA,Kwaluguru
TANGA,Kwamatuku
TANGA,kwamgwe
TANGA,Kwamsisi
TANGA,Kwankonje
TANGA,Kwasunga
TANGA,Kwedizinga
TANGA,Mazingara
TANGA,Mgambo
TANGA,Misima
TANGA,Mkata
TANGA,Ndolwa
TANGA,Segera
TANGA,Sindeni
TANGA,Chanika
TANGA,Kideleko
TANGA,Konje
TANGA,Kwamagome
TANGA,Kwediyamba
TANGA,Kwenjugo
TANGA,Mabanda
TANGA,Malezi
TANGA,Mdoe
TANGA,Mlimani
TANGA,Msasa
TANGA,Vibaoni
TANGA,Bokwa
TANGA,Jaila
TANGA,Kibirashi
TANGA,Kikunde
TANGA,Kilindi
TANGA,Kilwa
TANGA,Kimbe
TANGA,Kisangasa
TANGA,Kwediboma
TANGA,Kwekivu
TANGA,Lwande
TANGA,Mabalanga
TANGA,Masagalu
TANGA,Mkindi
TANGA,Msanja
TANGA,Mvungwe
TANGA,Negero
TANGA,Pagwi
TANGA,Saunyi
TANGA,Songe
TANGA,Tunguli
TANGA,Bungu
TANGA,Chekelei
TANGA,Dindira
TANGA,Kerenge
TANGA,Kizara
TANGA,Kwagunda
TANGA,Kwashemshi
TANGA,Lutindi
TANGA,Magamba kwalukonge
TANGA,Magoma
TANGA,Makuyuni
TANGA,Mashewa
TANGA,Mazinde
TANGA,Mkalamo
TANGA,Mkomazi
TANGA,Mnyuzi
TANGA,Mombo
TANGA,Mpale
TANGA,Mswaha
TANGA,Vugiri
TANGA,Kilole
TANGA,Kwamndolwa
TANGA,Magunga
TANGA,Manundu
TANGA,Mgombezi
TANGA,Mtonga
TANGA,Old Korogwe
TANGA,Dule' M'
TANGA,Gare
TANGA,Hemtoye
TANGA,Kwai
TANGA,Kwekanga
TANGA,Kwemashai
TANGA,Kwemshasha
TANGA,Lukozi
TANGA,Lunguza
TANGA,Lushoto
TANGA,Magamba
TANGA,Makanya
TANGA,Malibwi
TANGA,Malindi
TANGA,Manolo
TANGA,Mbaramo
TANGA,Mbaru
TANGA,Mbwei
TANGA,Migambo
TANGA,Mlalo
TANGA,Mlola
TANGA,Mnazi
TANGA,Mng'aro
TANGA,Mtae
TANGA,Mwangoi
TANGA,Ngulwi
TANGA,Ngwelo
TANGA,Rangwi
TANGA,Shagayu
TANGA,Shume
TANGA,Sunga
TANGA,Ubiri
TANGA,Boma
TANGA,Bosha
TANGA,Bwiti
TANGA,Daluni
TANGA,Doda
TANGA,Duga
TANGA,Gombero
TANGA,Kigongoi Magharibi
TANGA,Kigongoi Mashariki
TANGA,Kwale
TANGA,Manza
TANGA,Mapatano
TANGA,Maramba
TANGA,Mayomboni
TANGA,Mhinduro
TANGA,Mkinga
TANGA,Mnyenzani
TANGA,Moa
TANGA,Mtimbwani
TANGA,Mwakijembe
TANGA,Parungu Kasera
TANGA,Sigaya
TANGA,Amani
TANGA,Bwembwera
TANGA,Genge
TANGA,Kicheba
TANGA,Kigombe
TANGA,Kilulu
TANGA,Kwabada
TANGA,Kwafungo
TANGA,Kwemingoji
TANGA,Kwezitu
TANGA,Lusanga
TANGA,Magila
TANGA,Magoroto
TANGA,Majengo
TANGA,Makole
TANGA,Masuguru
TANGA,Mbomole
TANGA,Mhamba
TANGA,Misalai
TANGA,Misozwe
TANGA,Mkuzi
TANGA,Mlingano
TANGA,Mpapayu
TANGA,Mtindiro
TANGA,Ngomeni
TANGA,Nkumba
TANGA,Pande Darajani
TANGA,Potwe
TANGA,Songa
TANGA,Tingeni
TANGA,Tongwe
TANGA,Zirai
TANGA,Bushiri
TANGA,Bweni
TANGA,Kimangia
TANGA,Kipumbwi
TANGA,Madanga
TANGA,Mikinguni
TANGA,Mkwaja
TANGA,Mwera
TANGA,Pangani Magharibi
TANGA,Pangani Mashariki
TANGA,Tungamaa
TANGA,Ubangaa
TANGA,Central
TANGA,Chongoleani
TANGA,Chumbageni
TANGA,Kiomoni
TANGA,Kirare
TANGA,Mabawa
TANGA,Mabokweni
TANGA,Magaoni
TANGA,Makorora
TANGA,Marungu
TANGA,Masiwani
TANGA,Maweni
TANGA,Mnyanjani
TANGA,Msambweni
TANGA,Mwanzage
TANGA,Mzingani
TANGA,Mzizima
TANGA,Ngamiani Kaskazini
TANGA,Ngamiani Kusini
TANGA,Nguvu mali
TANGA,Pongwe
TANGA,Tangasisi
TANGA,Tongoni
TANGA,Usagara